:ID,name,actionType,source_quote,confidence,sequence,chapter,time,location,scene_id,theme_POWER_involvement,theme_POWER_role,theme_POWER_confidence,theme_POWER_evidence,theme_WEALTH_involvement,theme_WEALTH_role,theme_WEALTH_confidence,theme_WEALTH_evidence,theme_KINSHIP_involvement,theme_KINSHIP_role,theme_KINSHIP_confidence,theme_KINSHIP_evidence,theme_JUSTICE_involvement,theme_JUSTICE_role,theme_JUSTICE_confidence,theme_JUSTICE_evidence,theme_KNOWLEDGE_involvement,theme_KNOWLEDGE_role,theme_KNOWLEDGE_confidence,theme_KNOWLEDGE_evidence,theme_annotations_raw
event/da5e455c,"Philip Pirrip introduced himself by his given name and family name, and the nickname Pip.",CHARACTER_INTRODUCTION,,0.9,0,1,,,,none,,0.0,,none,,0.0,,none,,0.0,,none,,0.0,,none,,0.0,,"{""KNOWLEDGE"": {""involvement"": ""none"", ""role"": null, ""evidence"": """", ""signals"": [], ""confidence"": 0.0}, ""JUSTICE"": {""involvement"": ""none"", ""role"": null, ""evidence"": """", ""signals"": [], ""confidence"": 0.0}, ""WEALTH"": {""involvement"": ""none"", ""role"": null, ""evidence"": """", ""signals"": [], ""confidence"": 0.0}, ""KINSHIP"": {""involvement"": ""none"", ""role"": null, ""evidence"": """", ""signals"": [], ""confidence"": 0.0}, ""POWER"": {""involvement"": ""none"", ""role"": null, ""evidence"": """", ""signals"": [], ""confidence"": 0.0}}"
event/f48376a6,Philip Pirrip called himself Pip.,AUTONOMY_ASSERTION,,0.95,1,1,,,,none,,0.0,,none,,0.0,,none,,0.0,,none,,0.0,,none,,0.0,,"{""KNOWLEDGE"": {""involvement"": ""none"", ""role"": null, ""evidence"": """", ""signals"": [], ""confidence"": 0.0}, ""JUSTICE"": {""involvement"": ""none"", ""role"": null, ""evidence"": """", ""signals"": [], ""confidence"": 0.0}, ""WEALTH"": {""involvement"": ""none"", ""role"": null, ""evidence"": """", ""signals"": [], ""confidence"": 0.0}, ""KINSHIP"": {""involvement"": ""none"", ""role"": null, ""evidence"": """", ""signals"": [], ""confidence"": 0.0}, ""POWER"": {""involvement"": ""none"", ""role"": null, ""evidence"": """", ""signals"": [], ""confidence"": 0.0}}"
event/b1ecb6d3,Philip Pirrip affirmed his father’s family name as Pirrip based on the authority of the tombstone and Mrs. Joe Gargery.,ACKNOWLEDGMENT,,0.86,2,1,,Churchyard (implied by tombstone reference),,none,,0.0,,none,,0.0,,direct,revealing,0.7,"He ""affirmed his father’s family name as Pirrip,"" explicitly invoking the father–child tie.",none,,0.0,,direct,revealing,0.9,"He ""affirmed"" the name ""based on the authority of the tombstone and Mrs. Joe Gargery,"" indicating information learned from sources.","{""KNOWLEDGE"": {""involvement"": ""direct"", ""role"": ""revealing"", ""evidence"": ""He \""affirmed\"" the name \""based on the authority of the tombstone and Mrs. Joe Gargery,\"" indicating information learned from sources."", ""signals"": [""affirmed"", ""authority of the tombstone"", ""Mrs. Joe Gargery\u2019s testimony"", ""based on""], ""confidence"": 0.9}, ""JUSTICE"": {""involvement"": ""none"", ""role"": null, ""evidence"": """", ""signals"": [], ""confidence"": 0.0}, ""WEALTH"": {""involvement"": ""none"", ""role"": null, ""evidence"": """", ""signals"": [], ""confidence"": 0.0}, ""KINSHIP"": {""involvement"": ""direct"", ""role"": ""revealing"", ""evidence"": ""He \""affirmed his father\u2019s family name as Pirrip,\"" explicitly invoking the father\u2013child tie."", ""signals"": [""father\u2019s family name"", ""affirmed"", ""father"", ""Pirrip""], ""confidence"": 0.7}, ""POWER"": {""involvement"": ""none"", ""role"": null, ""evidence"": """", ""signals"": [], ""confidence"": 0.0}}"
event/21b0ff15,Mrs. Joe Gargery married Joe Gargery.,COMPANIONSHIP_FORMED,,0.92,3,1,,Churchyard (implied by tombstone reference),,none,,0.0,,none,,0.0,,direct,initiating,0.95,"""married Joe Gargery"" establishes a marital tie, creating a household/family relationship.",none,,0.0,,none,,0.0,,"{""KNOWLEDGE"": {""involvement"": ""none"", ""role"": null, ""evidence"": """", ""signals"": [], ""confidence"": 0.0}, ""JUSTICE"": {""involvement"": ""none"", ""role"": null, ""evidence"": """", ""signals"": [], ""confidence"": 0.0}, ""WEALTH"": {""involvement"": ""none"", ""role"": null, ""evidence"": """", ""signals"": [], ""confidence"": 0.0}, ""KINSHIP"": {""involvement"": ""direct"", ""role"": ""initiating"", ""evidence"": ""\""married Joe Gargery\"" establishes a marital tie, creating a household/family relationship."", ""signals"": [""married"", ""Mrs."", ""marital union""], ""confidence"": 0.95}, ""POWER"": {""involvement"": ""none"", ""role"": null, ""evidence"": """", ""signals"": [], ""confidence"": 0.0}}"
event/fe262c0f,"Philip Pirrip acknowledged that he never saw his father or his mother, nor any likeness of them.",ACKNOWLEDGMENT,,0.88,4,1,,Churchyard (implied by tombstone reference),,none,,0.0,,none,,0.0,,latent,revealing,0.42,"He ""never saw his father or his mother,"" which references his parental ties without creating or breaking them.",none,,0.0,,direct,revealing,0.74,"Philip Pirrip ""acknowledged that he never saw his father or his mother, nor any likeness of them,"" directly revealing a lack of information about his parents.","{""KNOWLEDGE"": {""involvement"": ""direct"", ""role"": ""revealing"", ""evidence"": ""Philip Pirrip \""acknowledged that he never saw his father or his mother, nor any likeness of them,\"" directly revealing a lack of information about his parents."", ""signals"": [""acknowledged"", ""never saw"", ""nor any likeness"", ""father or his mother""], ""confidence"": 0.74}, ""JUSTICE"": {""involvement"": ""none"", ""role"": null, ""evidence"": """", ""signals"": [], ""confidence"": 0.0}, ""WEALTH"": {""involvement"": ""none"", ""role"": null, ""evidence"": """", ""signals"": [], ""confidence"": 0.0}, ""KINSHIP"": {""involvement"": ""latent"", ""role"": ""revealing"", ""evidence"": ""He \""never saw his father or his mother,\"" which references his parental ties without creating or breaking them."", ""signals"": [""father"", ""mother"", ""never saw"", ""acknowledged""], ""confidence"": 0.42}, ""POWER"": {""involvement"": ""none"", ""role"": null, ""evidence"": """", ""signals"": [], ""confidence"": 0.0}}"
event/5dcb93c5,Philip Pirrip formed his first fancies about his parents from their tombstones.,CONTEMPLATION,,0.9,5,1,,Churchyard,,none,,0.0,,none,,0.0,,none,,0.0,,none,,0.0,,direct,revealing,0.72,Philip Pirrip formed his first fancies about his parents from their tombstones.,"{""KNOWLEDGE"": {""involvement"": ""direct"", ""role"": ""revealing"", ""evidence"": ""Philip Pirrip formed his first fancies about his parents from their tombstones."", ""signals"": [""formed his first fancies"", ""from their tombstones"", ""about his parents"", ""absence of photographs and personal memories""], ""confidence"": 0.72}, ""JUSTICE"": {""involvement"": ""none"", ""role"": null, ""evidence"": """", ""signals"": [], ""confidence"": 0.0}, ""WEALTH"": {""involvement"": ""none"", ""role"": null, ""evidence"": """", ""signals"": [], ""confidence"": 0.0}, ""KINSHIP"": {""involvement"": ""none"", ""role"": null, ""evidence"": """", ""signals"": [], ""confidence"": 0.0}, ""POWER"": {""involvement"": ""none"", ""role"": null, ""evidence"": """", ""signals"": [], ""confidence"": 0.0}}"
event/ac3ad326,"From the shape of the letters on the tombstone, Philip Pirrip imagined that Philip Pirrip was a square, stout, dark man with curly black hair.",CONTEMPLATION,,0.83,6,1,,Churchyard,,none,,0.0,,none,,0.0,,none,,0.0,,none,,0.0,,none,,0.0,,"{""KNOWLEDGE"": {""involvement"": ""none"", ""role"": null, ""evidence"": """", ""signals"": [], ""confidence"": 0.0}, ""JUSTICE"": {""involvement"": ""none"", ""role"": null, ""evidence"": """", ""signals"": [], ""confidence"": 0.0}, ""WEALTH"": {""involvement"": ""none"", ""role"": null, ""evidence"": """", ""signals"": [], ""confidence"": 0.0}, ""KINSHIP"": {""involvement"": ""none"", ""role"": null, ""evidence"": """", ""signals"": [], ""confidence"": 0.0}, ""POWER"": {""involvement"": ""none"", ""role"": null, ""evidence"": """", ""signals"": [], ""confidence"": 0.0}}"
event/41d98a2d,"From the inscription 'Also Georgiana Wife of the Above,' Philip Pirrip concluded that Georgiana Pirrip was freckled and sickly.",CONTEMPLATION,,0.86,7,1,,Churchyard,,none,,0.0,,none,,0.0,,latent,revealing,0.45,"The inscription includes 'Also Georgiana Wife of the Above,' which invokes a marital tie.",none,,0.0,,direct,revealing,0.7,‘From the inscription ... Philip Pirrip concluded that Georgiana Pirrip was freckled and sickly.’,"{""KNOWLEDGE"": {""involvement"": ""direct"", ""role"": ""revealing"", ""evidence"": ""\u2018From the inscription ... Philip Pirrip concluded that Georgiana Pirrip was freckled and sickly.\u2019"", ""signals"": [""concluded"", ""from the inscription"", ""was freckled and sickly""], ""confidence"": 0.7}, ""JUSTICE"": {""involvement"": ""none"", ""role"": null, ""evidence"": """", ""signals"": [], ""confidence"": 0.0}, ""WEALTH"": {""involvement"": ""none"", ""role"": null, ""evidence"": """", ""signals"": [], ""confidence"": 0.0}, ""KINSHIP"": {""involvement"": ""latent"", ""role"": ""revealing"", ""evidence"": ""The inscription includes 'Also Georgiana Wife of the Above,' which invokes a marital tie."", ""signals"": [""'Wife of the Above'"", ""inscription"", ""marital tie""], ""confidence"": 0.45}, ""POWER"": {""involvement"": ""none"", ""role"": null, ""evidence"": """", ""signals"": [], ""confidence"": 0.0}}"
event/c3da3699,"Philip Pirrip formed a belief, from five little stone lozenges, that Alexander Pirrip, Bartholomew Pirrip, Abraham Pirrip, Tobias Pirrip, and Roger Pirrip had been born on their backs with their hands in their trousers-pockets and never taken them out.",CONTEMPLATION,,0.84,8,1,,Churchyard,,none,,0.0,,none,,0.0,,none,,0.0,,none,,0.0,,none,,0.0,,"{""KNOWLEDGE"": {""involvement"": ""none"", ""role"": null, ""evidence"": """", ""signals"": [], ""confidence"": 0.0}, ""JUSTICE"": {""involvement"": ""none"", ""role"": null, ""evidence"": """", ""signals"": [], ""confidence"": 0.0}, ""WEALTH"": {""involvement"": ""none"", ""role"": null, ""evidence"": """", ""signals"": [], ""confidence"": 0.0}, ""KINSHIP"": {""involvement"": ""none"", ""role"": null, ""evidence"": """", ""signals"": [], ""confidence"": 0.0}, ""POWER"": {""involvement"": ""none"", ""role"": null, ""evidence"": """", ""signals"": [], ""confidence"": 0.0}}"
event/11f23c14,"On a memorable raw afternoon towards evening, Philip Pirrip recognized that the bleak nettle-overgrown place was the churchyard.",ACKNOWLEDGMENT,,0.9,9,1,A memorable raw afternoon towards evening,Churchyard,,none,,0.0,,none,,0.0,,none,,0.0,,none,,0.0,,direct,revealing,0.9,Philip Pirrip recognized that the bleak nettle-overgrown place was the churchyard.,"{""KNOWLEDGE"": {""involvement"": ""direct"", ""role"": ""revealing"", ""evidence"": ""Philip Pirrip recognized that the bleak nettle-overgrown place was the churchyard."", ""signals"": [""recognized"", ""was the churchyard"", ""identified place""], ""confidence"": 0.9}, ""JUSTICE"": {""involvement"": ""none"", ""role"": null, ""evidence"": """", ""signals"": [], ""confidence"": 0.0}, ""WEALTH"": {""involvement"": ""none"", ""role"": null, ""evidence"": """", ""signals"": [], ""confidence"": 0.0}, ""KINSHIP"": {""involvement"": ""none"", ""role"": null, ""evidence"": """", ""signals"": [], ""confidence"": 0.0}, ""POWER"": {""involvement"": ""none"", ""role"": null, ""evidence"": """", ""signals"": [], ""confidence"": 0.0}}"
event/31b767ce,Philip Pirrip recognized that Philip Pirrip and Georgiana Pirrip were dead and buried.,ACKNOWLEDGMENT,,0.9,10,1,A memorable raw afternoon towards evening,Churchyard,,none,,0.0,,none,,0.0,,latent,revealing,0.58,"""Philip Pirrip recognized that Philip Pirrip and Georgiana Pirrip were dead and buried."" This reveals the status of his close family ties as deceased.",none,,0.0,,direct,revealing,0.9,"""recognized that Philip Pirrip and Georgiana Pirrip were dead and buried"" after ""Reading and understanding the tombstone inscriptions.""","{""KNOWLEDGE"": {""involvement"": ""direct"", ""role"": ""revealing"", ""evidence"": ""\""recognized that Philip Pirrip and Georgiana Pirrip were dead and buried\"" after \""Reading and understanding the tombstone inscriptions.\"""", ""signals"": [""recognized"", ""tombstone inscriptions"", ""dead and buried""], ""confidence"": 0.9}, ""JUSTICE"": {""involvement"": ""none"", ""role"": null, ""evidence"": """", ""signals"": [], ""confidence"": 0.0}, ""WEALTH"": {""involvement"": ""none"", ""role"": null, ""evidence"": """", ""signals"": [], ""confidence"": 0.0}, ""KINSHIP"": {""involvement"": ""latent"", ""role"": ""revealing"", ""evidence"": ""\""Philip Pirrip recognized that Philip Pirrip and Georgiana Pirrip were dead and buried.\"" This reveals the status of his close family ties as deceased."", ""signals"": [""Philip Pirrip and Georgiana Pirrip"", ""dead and buried"", ""recognized""], ""confidence"": 0.58}, ""POWER"": {""involvement"": ""none"", ""role"": null, ""evidence"": """", ""signals"": [], ""confidence"": 0.0}}"
event/79d8fec1,"Philip Pirrip recognized that Alexander Pirrip, Bartholomew Pirrip, Abraham Pirrip, Tobias Pirrip, and Roger Pirrip were also dead and buried.",ACKNOWLEDGMENT,,0.9,11,1,A memorable raw afternoon towards evening,Churchyard,,none,,0.0,,none,,0.0,,latent,revealing,0.41,"He recognized that Alexander, Bartholomew, Abraham, Tobias, and Roger Pirrip were 'also dead and buried,' invoking family ties by shared surname.",none,,0.0,,direct,revealing,0.78,"Philip Pirrip 'recognized that Alexander Pirrip, Bartholomew Pirrip, Abraham Pirrip, Tobias Pirrip, and Roger Pirrip were also dead and buried.' Recognition of the five little stone lozenges as graves.","{""KNOWLEDGE"": {""involvement"": ""direct"", ""role"": ""revealing"", ""evidence"": ""Philip Pirrip 'recognized that Alexander Pirrip, Bartholomew Pirrip, Abraham Pirrip, Tobias Pirrip, and Roger Pirrip were also dead and buried.' Recognition of the five little stone lozenges as graves."", ""signals"": [""recognized"", ""dead and buried"", ""stone lozenges"", ""graves""], ""confidence"": 0.78}, ""JUSTICE"": {""involvement"": ""none"", ""role"": null, ""evidence"": """", ""signals"": [], ""confidence"": 0.0}, ""WEALTH"": {""involvement"": ""none"", ""role"": null, ""evidence"": """", ""signals"": [], ""confidence"": 0.0}, ""KINSHIP"": {""involvement"": ""latent"", ""role"": ""revealing"", ""evidence"": ""He recognized that Alexander, Bartholomew, Abraham, Tobias, and Roger Pirrip were 'also dead and buried,' invoking family ties by shared surname."", ""signals"": [""Pirrip (shared surname)"", ""recognized"", ""dead and buried"", ""graves""], ""confidence"": 0.41}, ""POWER"": {""involvement"": ""none"", ""role"": null, ""evidence"": """", ""signals"": [], ""confidence"": 0.0}}"
event/4709db0c,"Philip Pirrip recognized that the dark flat wilderness beyond the churchyard was the marshes, the low leaden line was the river, and the distant savage lair was the sea.",ACKNOWLEDGMENT,,0.88,12,1,A memorable raw afternoon towards evening,Churchyard and surrounding marsh country,,none,,0.0,,none,,0.0,,none,,0.0,,none,,0.0,,latent,revealing,0.38,"Philip Pirrip recognized that the dark flat wilderness was the marshes, the low leaden line was the river, and the distant savage lair was the sea.","{""KNOWLEDGE"": {""involvement"": ""latent"", ""role"": ""revealing"", ""evidence"": ""Philip Pirrip recognized that the dark flat wilderness was the marshes, the low leaden line was the river, and the distant savage lair was the sea."", ""signals"": [""recognized"", ""was the marshes"", ""was the river"", ""was the sea""], ""confidence"": 0.38}, ""JUSTICE"": {""involvement"": ""none"", ""role"": null, ""evidence"": """", ""signals"": [], ""confidence"": 0.0}, ""WEALTH"": {""involvement"": ""none"", ""role"": null, ""evidence"": """", ""signals"": [], ""confidence"": 0.0}, ""KINSHIP"": {""involvement"": ""none"", ""role"": null, ""evidence"": """", ""signals"": [], ""confidence"": 0.0}, ""POWER"": {""involvement"": ""none"", ""role"": null, ""evidence"": """", ""signals"": [], ""confidence"": 0.0}}"
event/1030011c,Philip Pirrip realized that the small bundle of shivers growing afraid of it all was Philip Pirrip.,ACKNOWLEDGMENT,,0.88,13,1,A memorable raw afternoon towards evening,Churchyard,,none,,0.0,,none,,0.0,,none,,0.0,,none,,0.0,,none,,0.0,,"{""KNOWLEDGE"": {""involvement"": ""none"", ""role"": null, ""evidence"": """", ""signals"": [], ""confidence"": 0.0}, ""JUSTICE"": {""involvement"": ""none"", ""role"": null, ""evidence"": """", ""signals"": [], ""confidence"": 0.0}, ""WEALTH"": {""involvement"": ""none"", ""role"": null, ""evidence"": """", ""signals"": [], ""confidence"": 0.0}, ""KINSHIP"": {""involvement"": ""none"", ""role"": null, ""evidence"": """", ""signals"": [], ""confidence"": 0.0}, ""POWER"": {""involvement"": ""none"", ""role"": null, ""evidence"": """", ""signals"": [], ""confidence"": 0.0}}"
event/ddd33616,Philip Pirrip began to cry from fear.,CHARACTER_EMOTION_SPIKE,,0.92,14,1,A memorable raw afternoon towards evening,Churchyard,,indirect,mediating,0.40800000000000003,Bridge: linked to event/71899cf6 via SCENE_CAUSATION which has direct POWER involvement.,none,,0.0,,none,,0.0,,indirect,mediating,0.46799999999999997,Bridge: linked to event/71899cf6 via SCENE_CAUSATION which has direct JUSTICE involvement.,indirect,enabling,0.7,"Philip Pirrip began to cry from fear, and Pip’s crying triggers the man’s sudden emergence and description.","{""KNOWLEDGE"": {""involvement"": ""indirect"", ""role"": ""enabling"", ""evidence"": ""Philip Pirrip began to cry from fear, and Pip\u2019s crying triggers the man\u2019s sudden emergence and description."", ""signals"": [""began to cry"", ""triggers the man's emergence"", ""introduction/description of the man""], ""confidence"": 0.7}, ""JUSTICE"": {""involvement"": ""indirect"", ""role"": ""mediating"", ""evidence"": ""Bridge: linked to event/71899cf6 via SCENE_CAUSATION which has direct JUSTICE involvement."", ""signals"": [""bridge_from:event/71899cf6"", ""via:SCENE_CAUSATION""], ""confidence"": 0.46799999999999997, ""bridge_source"": ""event/71899cf6"", ""bridge_relation"": ""SCENE_CAUSATION""}, ""WEALTH"": {""involvement"": ""none"", ""role"": null, ""evidence"": """", ""signals"": [], ""confidence"": 0.0}, ""KINSHIP"": {""involvement"": ""none"", ""role"": null, ""evidence"": """", ""signals"": [], ""confidence"": 0.0}, ""POWER"": {""involvement"": ""indirect"", ""role"": ""mediating"", ""evidence"": ""Bridge: linked to event/71899cf6 via SCENE_CAUSATION which has direct POWER involvement."", ""signals"": [""bridge_from:event/71899cf6"", ""via:SCENE_CAUSATION""], ""confidence"": 0.40800000000000003, ""bridge_source"": ""event/71899cf6"", ""bridge_relation"": ""SCENE_CAUSATION""}}"
event/50c98f01,Abel Magwitch started up from among the graves at the side of the church porch.,ARRIVAL,,0.78,15,1,A memorable raw afternoon towards evening,Among the graves by the church porch,,indirect,enabling,0.56,"""started up from among the graves"" as he moves to ""confront or intercept Philip Pirrip,"" creating the setup for coercive confrontation moments later.",none,,0.0,,none,,0.0,,none,,0.0,,direct,revealing,0.7,"""started up from among the graves"" reveals his previously hidden presence to the nearby boy at the church porch.","{""KNOWLEDGE"": {""involvement"": ""direct"", ""role"": ""revealing"", ""evidence"": ""\""started up from among the graves\"" reveals his previously hidden presence to the nearby boy at the church porch."", ""signals"": [""started up"", ""from among the graves"", ""appears suddenly""], ""confidence"": 0.7}, ""JUSTICE"": {""involvement"": ""none"", ""role"": null, ""evidence"": """", ""signals"": [], ""confidence"": 0.0}, ""WEALTH"": {""involvement"": ""none"", ""role"": null, ""evidence"": """", ""signals"": [], ""confidence"": 0.0}, ""KINSHIP"": {""involvement"": ""none"", ""role"": null, ""evidence"": """", ""signals"": [], ""confidence"": 0.0}, ""POWER"": {""involvement"": ""indirect"", ""role"": ""enabling"", ""evidence"": ""\""started up from among the graves\"" as he moves to \""confront or intercept Philip Pirrip,\"" creating the setup for coercive confrontation moments later."", ""signals"": [""started up"", ""intercept"", ""confront""], ""confidence"": 0.56}}"
event/71899cf6,"Abel Magwitch was introduced as a fearful, mud-smeared man in coarse grey with an iron on his leg, hatless and rag-bound.",CHARACTER_INTRODUCTION,,0.82,16,1,A memorable raw afternoon towards evening,Churchyard,,direct,initiating,0.68,"""with an iron on his leg"" indicates ongoing physical restraint imposed on him.",none,,0.0,,none,,0.0,,direct,initiating,0.78,"""with an iron on his leg"" presents him under penal restraint, i.e., punishment in force.",direct,revealing,0.62,"""Abel Magwitch was introduced... with an iron on his leg"" reveals his convict status to the observer.","{""KNOWLEDGE"": {""involvement"": ""direct"", ""role"": ""revealing"", ""evidence"": ""\""Abel Magwitch was introduced... with an iron on his leg\"" reveals his convict status to the observer."", ""signals"": [""introduced as"", ""iron on his leg"", ""appearance details""], ""confidence"": 0.62}, ""JUSTICE"": {""involvement"": ""direct"", ""role"": ""initiating"", ""evidence"": ""\""with an iron on his leg\"" presents him under penal restraint, i.e., punishment in force."", ""signals"": [""iron on his leg"", ""coarse grey clothing"", ""rag-bound""], ""confidence"": 0.78}, ""WEALTH"": {""involvement"": ""none"", ""role"": null, ""evidence"": """", ""signals"": [], ""confidence"": 0.0}, ""KINSHIP"": {""involvement"": ""none"", ""role"": null, ""evidence"": """", ""signals"": [], ""confidence"": 0.0}, ""POWER"": {""involvement"": ""direct"", ""role"": ""initiating"", ""evidence"": ""\""with an iron on his leg\"" indicates ongoing physical restraint imposed on him."", ""signals"": [""iron on his leg"", ""coarse grey (prison garb)"", ""rag-bound""], ""confidence"": 0.68}}"
event/dced6ad2,"Abel Magwitch, injured and cold, limped, shivered, glared, growled, and his teeth chattered.",CHARACTER_EMOTION_SPIKE,,0.85,17,1,A memorable raw afternoon towards evening,Churchyard,,none,,0.0,,none,,0.0,,none,,0.0,,none,,0.0,,none,,0.0,,"{""KNOWLEDGE"": {""involvement"": ""none"", ""role"": null, ""evidence"": """", ""signals"": [], ""confidence"": 0.0}, ""JUSTICE"": {""involvement"": ""none"", ""role"": null, ""evidence"": """", ""signals"": [], ""confidence"": 0.0}, ""WEALTH"": {""involvement"": ""none"", ""role"": null, ""evidence"": """", ""signals"": [], ""confidence"": 0.0}, ""KINSHIP"": {""involvement"": ""none"", ""role"": null, ""evidence"": """", ""signals"": [], ""confidence"": 0.0}, ""POWER"": {""involvement"": ""none"", ""role"": null, ""evidence"": """", ""signals"": [], ""confidence"": 0.0}}"
event/1f27c7ae,Abel Magwitch shouted at Philip Pirrip to hold his noise and threatened to cut Philip Pirrip’s throat if he did not keep still.,ACTION_TENSION,,0.93,18,1,A memorable raw afternoon towards evening,Among the graves by the church porch,,direct,initiating,0.95,"He shouted at Philip to 'hold his noise' and threatened to cut his throat if he did not keep still, coercing his behavior by threat of violence.",none,,0.0,,none,,0.0,,direct,initiating,0.88,He 'threatened to cut Philip Pirrip’s throat'—an explicit threat of lethal violence constituting a legal/moral violation.,indirect,enabling,0.6,"By ordering him to 'hold his noise' and keep still under threat, he enforces silence that prevents information from being conveyed.","{""KNOWLEDGE"": {""involvement"": ""indirect"", ""role"": ""enabling"", ""evidence"": ""By ordering him to 'hold his noise' and keep still under threat, he enforces silence that prevents information from being conveyed."", ""signals"": [""hold his noise"", ""keep still"", ""silence enforced""], ""confidence"": 0.6}, ""JUSTICE"": {""involvement"": ""direct"", ""role"": ""initiating"", ""evidence"": ""He 'threatened to cut Philip Pirrip\u2019s throat'\u2014an explicit threat of lethal violence constituting a legal/moral violation."", ""signals"": [""threatened"", ""cut his throat"", ""violence"", ""coercion""], ""confidence"": 0.88}, ""WEALTH"": {""involvement"": ""none"", ""role"": null, ""evidence"": """", ""signals"": [], ""confidence"": 0.0}, ""KINSHIP"": {""involvement"": ""none"", ""role"": null, ""evidence"": """", ""signals"": [], ""confidence"": 0.0}, ""POWER"": {""involvement"": ""direct"", ""role"": ""initiating"", ""evidence"": ""He shouted at Philip to 'hold his noise' and threatened to cut his throat if he did not keep still, coercing his behavior by threat of violence."", ""signals"": [""threatened"", ""cut his throat"", ""hold his noise"", ""keep still""], ""confidence"": 0.95}}"
event/384e1efb,Abel Magwitch seized Philip Pirrip by the chin.,ACTION_TENSION,,0.94,19,1,A memorable raw afternoon towards evening,Churchyard,,direct,initiating,0.9,"""Abel Magwitch seized Philip Pirrip by the chin."" The physical seizure coerces and constrains Philip's immediate choices.",none,,0.0,,none,,0.0,,direct,initiating,0.75,"""seized Philip Pirrip by the chin"" constitutes non-consensual physical contact, a wrongful act.",none,,0.0,,"{""KNOWLEDGE"": {""involvement"": ""none"", ""role"": null, ""evidence"": """", ""signals"": [], ""confidence"": 0.0}, ""JUSTICE"": {""involvement"": ""direct"", ""role"": ""initiating"", ""evidence"": ""\""seized Philip Pirrip by the chin\"" constitutes non-consensual physical contact, a wrongful act."", ""signals"": [""seized"", ""non-consensual contact"", ""physical assault""], ""confidence"": 0.75}, ""WEALTH"": {""involvement"": ""none"", ""role"": null, ""evidence"": """", ""signals"": [], ""confidence"": 0.0}, ""KINSHIP"": {""involvement"": ""none"", ""role"": null, ""evidence"": """", ""signals"": [], ""confidence"": 0.0}, ""POWER"": {""involvement"": ""direct"", ""role"": ""initiating"", ""evidence"": ""\""Abel Magwitch seized Philip Pirrip by the chin.\"" The physical seizure coerces and constrains Philip's immediate choices."", ""signals"": [""seized"", ""by the chin"", ""physical restraint""], ""confidence"": 0.9}}"
event/6badbb21,"In terror, Philip Pirrip pleaded with Abel Magwitch not to cut his throat.",CHARACTER_EMOTION_SPIKE,,0.95,20,1,A memorable raw afternoon towards evening,Churchyard,,latent,constraining,0.42,"Philip Pirrip ""pleaded ... not to cut his throat,"" indicating he is responding to a coercive threat. The plea attempts to limit the threatened coercion.",none,,0.0,,none,,0.0,,none,,0.0,,none,,0.0,,"{""KNOWLEDGE"": {""involvement"": ""none"", ""role"": null, ""evidence"": """", ""signals"": [], ""confidence"": 0.0}, ""JUSTICE"": {""involvement"": ""none"", ""role"": null, ""evidence"": """", ""signals"": [], ""confidence"": 0.0}, ""WEALTH"": {""involvement"": ""none"", ""role"": null, ""evidence"": """", ""signals"": [], ""confidence"": 0.0}, ""KINSHIP"": {""involvement"": ""none"", ""role"": null, ""evidence"": """", ""signals"": [], ""confidence"": 0.0}, ""POWER"": {""involvement"": ""latent"", ""role"": ""constraining"", ""evidence"": ""Philip Pirrip \""pleaded ... not to cut his throat,\"" indicating he is responding to a coercive threat. The plea attempts to limit the threatened coercion."", ""signals"": [""pleaded"", ""not to cut his throat"", ""in terror""], ""confidence"": 0.42}}"
event/a1394c97,"Philip Pirrip pleaded, ""Pray don’t do it, sir.""",ACTION_TENSION,,0.9,21,1,A memorable raw afternoon towards evening,Churchyard,,none,,0.0,,none,,0.0,,none,,0.0,,none,,0.0,,none,,0.0,,"{""KNOWLEDGE"": {""involvement"": ""none"", ""role"": null, ""evidence"": """", ""signals"": [], ""confidence"": 0.0}, ""JUSTICE"": {""involvement"": ""none"", ""role"": null, ""evidence"": """", ""signals"": [], ""confidence"": 0.0}, ""WEALTH"": {""involvement"": ""none"", ""role"": null, ""evidence"": """", ""signals"": [], ""confidence"": 0.0}, ""KINSHIP"": {""involvement"": ""none"", ""role"": null, ""evidence"": """", ""signals"": [], ""confidence"": 0.0}, ""POWER"": {""involvement"": ""none"", ""role"": null, ""evidence"": """", ""signals"": [], ""confidence"": 0.0}}"
event/bf96f55d,"Abel Magwitch demanded Philip Pirrip's name, saying, ""Tell us your name! Quick!""",ACTION_TENSION,,0.9,22,1,A memorable raw afternoon towards evening,Churchyard,,direct,initiating,0.88,"""demanded Philip Pirrip's name""; ""Tell us your name! Quick!"" — an explicit coercive command.",none,,0.0,,none,,0.0,,none,,0.0,,indirect,enabling,0.62,"""Tell us your name!"" sets up the compelled disclosure of information.","{""KNOWLEDGE"": {""involvement"": ""indirect"", ""role"": ""enabling"", ""evidence"": ""\""Tell us your name!\"" sets up the compelled disclosure of information."", ""signals"": [""Tell us your name"", ""demanded"", ""name""], ""confidence"": 0.62}, ""JUSTICE"": {""involvement"": ""none"", ""role"": null, ""evidence"": """", ""signals"": [], ""confidence"": 0.0}, ""WEALTH"": {""involvement"": ""none"", ""role"": null, ""evidence"": """", ""signals"": [], ""confidence"": 0.0}, ""KINSHIP"": {""involvement"": ""none"", ""role"": null, ""evidence"": """", ""signals"": [], ""confidence"": 0.0}, ""POWER"": {""involvement"": ""direct"", ""role"": ""initiating"", ""evidence"": ""\""demanded Philip Pirrip's name\""; \""Tell us your name! Quick!\"" \u2014 an explicit coercive command."", ""signals"": [""demanded"", ""Tell us your name"", ""Quick"", ""name""], ""confidence"": 0.88}}"
event/66630aec,"Philip Pirrip answered, ""Pip, sir.""",ACKNOWLEDGMENT,,0.9,23,1,A memorable raw afternoon towards evening,Churchyard,,none,,0.0,,none,,0.0,,none,,0.0,,none,,0.0,,direct,revealing,0.9,"Philip Pirrip answered, ""Pip, sir.""","{""KNOWLEDGE"": {""involvement"": ""direct"", ""role"": ""revealing"", ""evidence"": ""Philip Pirrip answered, \""Pip, sir.\"""", ""signals"": [""answers with his name"", ""identity disclosed"", ""\""Pip, sir\"""", ""information provided to another""], ""confidence"": 0.9}, ""JUSTICE"": {""involvement"": ""none"", ""role"": null, ""evidence"": """", ""signals"": [], ""confidence"": 0.0}, ""WEALTH"": {""involvement"": ""none"", ""role"": null, ""evidence"": """", ""signals"": [], ""confidence"": 0.0}, ""KINSHIP"": {""involvement"": ""none"", ""role"": null, ""evidence"": """", ""signals"": [], ""confidence"": 0.0}, ""POWER"": {""involvement"": ""none"", ""role"": null, ""evidence"": """", ""signals"": [], ""confidence"": 0.0}}"
event/2812a7db,"Abel Magwitch ordered Philip Pirrip to repeat his name, staring at him: ""Once more. Give it mouth!""",ACTION_TENSION,,0.9,24,1,A memorable raw afternoon towards evening,Churchyard,,direct,escalating,0.9,"Abel Magwitch ordered Philip Pirrip to repeat his name: ""Once more. Give it mouth!"" The command and stare exert coercive pressure that compels compliance.",none,,0.0,,none,,0.0,,none,,0.0,,indirect,enabling,0.62,"He orders Pip to repeat his name, setting up the immediate transmission of that information in the next event.","{""KNOWLEDGE"": {""involvement"": ""indirect"", ""role"": ""enabling"", ""evidence"": ""He orders Pip to repeat his name, setting up the immediate transmission of that information in the next event."", ""signals"": [""ordered to repeat his name"", ""interrogation"", ""compels verbal response""], ""confidence"": 0.62}, ""JUSTICE"": {""involvement"": ""none"", ""role"": null, ""evidence"": """", ""signals"": [], ""confidence"": 0.0}, ""WEALTH"": {""involvement"": ""none"", ""role"": null, ""evidence"": """", ""signals"": [], ""confidence"": 0.0}, ""KINSHIP"": {""involvement"": ""none"", ""role"": null, ""evidence"": """", ""signals"": [], ""confidence"": 0.0}, ""POWER"": {""involvement"": ""direct"", ""role"": ""escalating"", ""evidence"": ""Abel Magwitch ordered Philip Pirrip to repeat his name: \""Once more. Give it mouth!\"" The command and stare exert coercive pressure that compels compliance."", ""signals"": [""ordered"", ""Once more"", ""Give it mouth!"", ""staring at him""], ""confidence"": 0.9}}"
event/bd312622,"Philip Pirrip repeated, ""Pip. Pip, sir.""",ACKNOWLEDGMENT,,0.9,25,1,A memorable raw afternoon towards evening,Churchyard,,indirect,resolving,0.7,"He complies with the convict's order: ""Philip Pirrip repeated, 'Pip. Pip, sir.'"" This answers the prior command, ""Once more. Give it mouth!""",none,,0.0,,none,,0.0,,none,,0.0,,direct,revealing,0.78,"""Philip Pirrip repeated, 'Pip. Pip, sir.'"" The explicit statement of his name conveys/clarifies his identity to the other party.","{""KNOWLEDGE"": {""involvement"": ""direct"", ""role"": ""revealing"", ""evidence"": ""\""Philip Pirrip repeated, 'Pip. Pip, sir.'\"" The explicit statement of his name conveys/clarifies his identity to the other party."", ""signals"": [""name stated"", ""identity confirmation"", ""repeat for clarity""], ""confidence"": 0.78}, ""JUSTICE"": {""involvement"": ""none"", ""role"": null, ""evidence"": """", ""signals"": [], ""confidence"": 0.0}, ""WEALTH"": {""involvement"": ""none"", ""role"": null, ""evidence"": """", ""signals"": [], ""confidence"": 0.0}, ""KINSHIP"": {""involvement"": ""none"", ""role"": null, ""evidence"": """", ""signals"": [], ""confidence"": 0.0}, ""POWER"": {""involvement"": ""indirect"", ""role"": ""resolving"", ""evidence"": ""He complies with the convict's order: \""Philip Pirrip repeated, 'Pip. Pip, sir.'\"" This answers the prior command, \""Once more. Give it mouth!\"""", ""signals"": [""compliance"", ""repeat on command"", ""sir"", ""threat-backed order (prior)""], ""confidence"": 0.7}}"
event/11e59813,"Abel Magwitch ordered, ""Show us where you live. Pint out the place!""",ACTION_TENSION,,0.9,26,1,A memorable raw afternoon towards evening,Churchyard,,direct,escalating,0.9,"“Abel Magwitch ordered, ‘Show us where you live. Pint out the place!’” The explicit order constrains the boy to comply.",none,,0.0,,none,,0.0,,none,,0.0,,indirect,enabling,0.6,"He orders the boy to indicate his home location, setting up the revelation of that information.","{""KNOWLEDGE"": {""involvement"": ""indirect"", ""role"": ""enabling"", ""evidence"": ""He orders the boy to indicate his home location, setting up the revelation of that information."", ""signals"": [""Show us where you live"", ""Point out the place""], ""confidence"": 0.6}, ""JUSTICE"": {""involvement"": ""none"", ""role"": null, ""evidence"": """", ""signals"": [], ""confidence"": 0.0}, ""WEALTH"": {""involvement"": ""none"", ""role"": null, ""evidence"": """", ""signals"": [], ""confidence"": 0.0}, ""KINSHIP"": {""involvement"": ""none"", ""role"": null, ""evidence"": """", ""signals"": [], ""confidence"": 0.0}, ""POWER"": {""involvement"": ""direct"", ""role"": ""escalating"", ""evidence"": ""\u201cAbel Magwitch ordered, \u2018Show us where you live. Pint out the place!\u2019\u201d The explicit order constrains the boy to comply."", ""signals"": [""ordered"", ""Show us where you live"", ""Point out the place"", ""explicit command""], ""confidence"": 0.9}}"
event/b884f738,"Philip Pirrip pointed toward his village on the flat in-shore among the alder-trees and pollards, a mile or more from the church.",ACKNOWLEDGMENT,,0.9,27,1,A memorable raw afternoon towards evening,Churchyard (pointing toward the village),,none,,0.0,,none,,0.0,,none,,0.0,,none,,0.0,,direct,revealing,0.78,"Philip Pirrip ""pointed toward his village ... a mile or more from the church,"" indicating its location.","{""KNOWLEDGE"": {""involvement"": ""direct"", ""role"": ""revealing"", ""evidence"": ""Philip Pirrip \""pointed toward his village ... a mile or more from the church,\"" indicating its location."", ""signals"": [""pointed toward"", ""his village"", ""location indicated"", ""a mile or more from the church""], ""confidence"": 0.78}, ""JUSTICE"": {""involvement"": ""none"", ""role"": null, ""evidence"": """", ""signals"": [], ""confidence"": 0.0}, ""WEALTH"": {""involvement"": ""none"", ""role"": null, ""evidence"": """", ""signals"": [], ""confidence"": 0.0}, ""KINSHIP"": {""involvement"": ""none"", ""role"": null, ""evidence"": """", ""signals"": [], ""confidence"": 0.0}, ""POWER"": {""involvement"": ""none"", ""role"": null, ""evidence"": """", ""signals"": [], ""confidence"": 0.0}}"
event/d5ecc23e,Abel Magwitch turned Philip Pirrip upside down and emptied Philip Pirrip's pockets.,ACTION_TENSION,,0.9,28,1,A memorable raw afternoon towards evening,Churchyard,,direct,initiating,0.9,"""turned Philip Pirrip upside down"" and ""emptied Philip Pirrip's pockets"" show physical coercion and control.",direct,initiating,0.72,"""emptied Philip Pirrip's pockets"" indicates seizure/control of his goods.",none,,0.0,,direct,initiating,0.8,"""turned ... upside down and emptied ... pockets"" constitutes assault and robbery, a legal violation.",none,,0.0,,"{""KNOWLEDGE"": {""involvement"": ""none"", ""role"": null, ""evidence"": """", ""signals"": [], ""confidence"": 0.0}, ""JUSTICE"": {""involvement"": ""direct"", ""role"": ""initiating"", ""evidence"": ""\""turned ... upside down and emptied ... pockets\"" constitutes assault and robbery, a legal violation."", ""signals"": [""turned him upside down"", ""emptied his pockets"", ""robbery/assault""], ""confidence"": 0.8}, ""WEALTH"": {""involvement"": ""direct"", ""role"": ""initiating"", ""evidence"": ""\""emptied Philip Pirrip's pockets\"" indicates seizure/control of his goods."", ""signals"": [""emptied his pockets"", ""seized contents"", ""control of property""], ""confidence"": 0.72}, ""KINSHIP"": {""involvement"": ""none"", ""role"": null, ""evidence"": """", ""signals"": [], ""confidence"": 0.0}, ""POWER"": {""involvement"": ""direct"", ""role"": ""initiating"", ""evidence"": ""\""turned Philip Pirrip upside down\"" and \""emptied Philip Pirrip's pockets\"" show physical coercion and control."", ""signals"": [""turned him upside down"", ""emptied his pockets"", ""physical coercion"", ""control over body/possessions""], ""confidence"": 0.9}}"
event/6c758760,Abel Magwitch placed Philip Pirrip on a high tombstone.,ACTION_TENSION,,0.86,29,1,A memorable raw afternoon towards evening,On a high tombstone in the churchyard,,direct,initiating,0.82,"""Abel Magwitch placed Philip Pirrip on a high tombstone"" to immobilize him, physically restricting Philip's movement.",none,,0.0,,none,,0.0,,none,,0.0,,none,,0.0,,"{""KNOWLEDGE"": {""involvement"": ""none"", ""role"": null, ""evidence"": """", ""signals"": [], ""confidence"": 0.0}, ""JUSTICE"": {""involvement"": ""none"", ""role"": null, ""evidence"": """", ""signals"": [], ""confidence"": 0.0}, ""WEALTH"": {""involvement"": ""none"", ""role"": null, ""evidence"": """", ""signals"": [], ""confidence"": 0.0}, ""KINSHIP"": {""involvement"": ""none"", ""role"": null, ""evidence"": """", ""signals"": [], ""confidence"": 0.0}, ""POWER"": {""involvement"": ""direct"", ""role"": ""initiating"", ""evidence"": ""\""Abel Magwitch placed Philip Pirrip on a high tombstone\"" to immobilize him, physically restricting Philip's movement."", ""signals"": [""placed on a high tombstone"", ""to immobilize"", ""control of Philip's body"", ""physical restraint""], ""confidence"": 0.82}}"
event/1f73f96c,Abel Magwitch ate the bread ravenously.,ADAPTATION_TO_CHANGE,,0.9,30,1,A memorable raw afternoon towards evening,Churchyard,,none,,0.0,,none,,0.0,,none,,0.0,,none,,0.0,,none,,0.0,,"{""KNOWLEDGE"": {""involvement"": ""none"", ""role"": null, ""evidence"": """", ""signals"": [], ""confidence"": 0.0}, ""JUSTICE"": {""involvement"": ""none"", ""role"": null, ""evidence"": """", ""signals"": [], ""confidence"": 0.0}, ""WEALTH"": {""involvement"": ""none"", ""role"": null, ""evidence"": """", ""signals"": [], ""confidence"": 0.0}, ""KINSHIP"": {""involvement"": ""none"", ""role"": null, ""evidence"": """", ""signals"": [], ""confidence"": 0.0}, ""POWER"": {""involvement"": ""none"", ""role"": null, ""evidence"": """", ""signals"": [], ""confidence"": 0.0}}"
event/3c7cdbd2,Philip Pirrip trembled on the tombstone while Abel Magwitch ate.,CHARACTER_EMOTION_SPIKE,,0.9,31,1,A memorable raw afternoon towards evening,On a high tombstone in the churchyard,,none,,0.0,,none,,0.0,,none,,0.0,,none,,0.0,,none,,0.0,,"{""KNOWLEDGE"": {""involvement"": ""none"", ""role"": null, ""evidence"": """", ""signals"": [], ""confidence"": 0.0}, ""JUSTICE"": {""involvement"": ""none"", ""role"": null, ""evidence"": """", ""signals"": [], ""confidence"": 0.0}, ""WEALTH"": {""involvement"": ""none"", ""role"": null, ""evidence"": """", ""signals"": [], ""confidence"": 0.0}, ""KINSHIP"": {""involvement"": ""none"", ""role"": null, ""evidence"": """", ""signals"": [], ""confidence"": 0.0}, ""POWER"": {""involvement"": ""none"", ""role"": null, ""evidence"": """", ""signals"": [], ""confidence"": 0.0}}"
event/23a043b6,"Abel Magwitch taunted Philip Pirrip about his fat cheeks, licking his lips.",ACTION_TENSION,,0.9,32,1,A memorable raw afternoon towards evening,Churchyard,,latent,escalating,0.4,"He ""taunted Philip Pirrip about his fat cheeks, licking his lips,"" heightening intimidation without issuing a command.",none,,0.0,,none,,0.0,,none,,0.0,,none,,0.0,,"{""KNOWLEDGE"": {""involvement"": ""none"", ""role"": null, ""evidence"": """", ""signals"": [], ""confidence"": 0.0}, ""JUSTICE"": {""involvement"": ""none"", ""role"": null, ""evidence"": """", ""signals"": [], ""confidence"": 0.0}, ""WEALTH"": {""involvement"": ""none"", ""role"": null, ""evidence"": """", ""signals"": [], ""confidence"": 0.0}, ""KINSHIP"": {""involvement"": ""none"", ""role"": null, ""evidence"": """", ""signals"": [], ""confidence"": 0.0}, ""POWER"": {""involvement"": ""latent"", ""role"": ""escalating"", ""evidence"": ""He \""taunted Philip Pirrip about his fat cheeks, licking his lips,\"" heightening intimidation without issuing a command."", ""signals"": [""taunted"", ""licking his lips"", ""mockery"", ""intimidation""], ""confidence"": 0.4}}"
event/0942097e,"Abel Magwitch threatened that he could eat Philip Pirrip's cheeks, shaking his head.",ACTION_TENSION,,0.9,33,1,A memorable raw afternoon towards evening,Churchyard,,direct,initiating,0.9,Abel Magwitch threatened that he could eat Philip Pirrip's cheeks.,none,,0.0,,none,,0.0,,none,,0.0,,direct,revealing,0.7,"He ""threatened that he could eat Philip Pirrip's cheeks,"" conveying the harm Pip risks.","{""KNOWLEDGE"": {""involvement"": ""direct"", ""role"": ""revealing"", ""evidence"": ""He \""threatened that he could eat Philip Pirrip's cheeks,\"" conveying the harm Pip risks."", ""signals"": [""threatened"", ""states potential harm"", ""warns of consequence"", ""communication of threat""], ""confidence"": 0.7}, ""JUSTICE"": {""involvement"": ""none"", ""role"": null, ""evidence"": """", ""signals"": [], ""confidence"": 0.0}, ""WEALTH"": {""involvement"": ""none"", ""role"": null, ""evidence"": """", ""signals"": [], ""confidence"": 0.0}, ""KINSHIP"": {""involvement"": ""none"", ""role"": null, ""evidence"": """", ""signals"": [], ""confidence"": 0.0}, ""POWER"": {""involvement"": ""direct"", ""role"": ""initiating"", ""evidence"": ""Abel Magwitch threatened that he could eat Philip Pirrip's cheeks."", ""signals"": [""threatened"", ""could eat his cheeks"", ""intimidation"", ""coercion""], ""confidence"": 0.9}}"
event/e9fb8bb5,Philip Pirrip pleaded that Abel Magwitch should not eat his cheeks.,ACTION_TENSION,,0.88,34,1,A memorable raw afternoon towards evening,On a high tombstone in the churchyard,,none,,0.0,,none,,0.0,,none,,0.0,,none,,0.0,,none,,0.0,,"{""KNOWLEDGE"": {""involvement"": ""none"", ""role"": null, ""evidence"": """", ""signals"": [], ""confidence"": 0.0}, ""JUSTICE"": {""involvement"": ""none"", ""role"": null, ""evidence"": """", ""signals"": [], ""confidence"": 0.0}, ""WEALTH"": {""involvement"": ""none"", ""role"": null, ""evidence"": """", ""signals"": [], ""confidence"": 0.0}, ""KINSHIP"": {""involvement"": ""none"", ""role"": null, ""evidence"": """", ""signals"": [], ""confidence"": 0.0}, ""POWER"": {""involvement"": ""none"", ""role"": null, ""evidence"": """", ""signals"": [], ""confidence"": 0.0}}"
event/dd32a2bc,Philip Pirrip clutched the tombstone to keep his balance and to keep from crying.,CHARACTER_EMOTION_SPIKE,,0.9,35,1,A memorable raw afternoon towards evening,On a high tombstone in the churchyard,,none,,0.0,,none,,0.0,,none,,0.0,,none,,0.0,,none,,0.0,,"{""KNOWLEDGE"": {""involvement"": ""none"", ""role"": null, ""evidence"": """", ""signals"": [], ""confidence"": 0.0}, ""JUSTICE"": {""involvement"": ""none"", ""role"": null, ""evidence"": """", ""signals"": [], ""confidence"": 0.0}, ""WEALTH"": {""involvement"": ""none"", ""role"": null, ""evidence"": """", ""signals"": [], ""confidence"": 0.0}, ""KINSHIP"": {""involvement"": ""none"", ""role"": null, ""evidence"": """", ""signals"": [], ""confidence"": 0.0}, ""POWER"": {""involvement"": ""none"", ""role"": null, ""evidence"": """", ""signals"": [], ""confidence"": 0.0}}"
event/9d8e379e,"Abel Magwitch demanded, ""Where’s your mother?""",ACTION_TENSION,,0.9,36,1,A memorable raw afternoon towards evening,Churchyard,,direct,initiating,0.7,"He ""demanded"" information: ""Where’s your mother?""",none,,0.0,,direct,initiating,0.9,"The line invokes a family tie: ""Where’s your mother?""",none,,0.0,,none,,0.0,,"{""KNOWLEDGE"": {""involvement"": ""none"", ""role"": null, ""evidence"": """", ""signals"": [], ""confidence"": 0.0}, ""JUSTICE"": {""involvement"": ""none"", ""role"": null, ""evidence"": """", ""signals"": [], ""confidence"": 0.0}, ""WEALTH"": {""involvement"": ""none"", ""role"": null, ""evidence"": """", ""signals"": [], ""confidence"": 0.0}, ""KINSHIP"": {""involvement"": ""direct"", ""role"": ""initiating"", ""evidence"": ""The line invokes a family tie: \""Where\u2019s your mother?\"""", ""signals"": [""your mother"", ""invokes family tie"", ""kinship term used""], ""confidence"": 0.9}, ""POWER"": {""involvement"": ""direct"", ""role"": ""initiating"", ""evidence"": ""He \""demanded\"" information: \""Where\u2019s your mother?\"""", ""signals"": [""demanded"", ""interrogation"", ""question as command"", ""seeking compliance""], ""confidence"": 0.7}}"
event/7038d8e5,"Philip Pirrip pointed and answered, ""There, sir!"" (indicating his mother's grave).",ACKNOWLEDGMENT,,0.88,37,1,A memorable raw afternoon towards evening,Churchyard,,none,,0.0,,none,,0.0,,direct,revealing,0.9,"He pointed ""(indicating his mother's grave)"", explicitly invoking the mother–child tie.",none,,0.0,,direct,revealing,0.68,"By pointing and saying ""There, sir!"" he discloses to the other party the location/status of his mother (her grave).","{""KNOWLEDGE"": {""involvement"": ""direct"", ""role"": ""revealing"", ""evidence"": ""By pointing and saying \""There, sir!\"" he discloses to the other party the location/status of his mother (her grave)."", ""signals"": [""pointed"", ""answered"", ""There, sir!"", ""indicating his mother's grave""], ""confidence"": 0.68}, ""JUSTICE"": {""involvement"": ""none"", ""role"": null, ""evidence"": """", ""signals"": [], ""confidence"": 0.0}, ""WEALTH"": {""involvement"": ""none"", ""role"": null, ""evidence"": """", ""signals"": [], ""confidence"": 0.0}, ""KINSHIP"": {""involvement"": ""direct"", ""role"": ""revealing"", ""evidence"": ""He pointed \""(indicating his mother's grave)\"", explicitly invoking the mother\u2013child tie."", ""signals"": [""mother's grave"", ""indicating"", ""There, sir!"", ""pointed""], ""confidence"": 0.9}, ""POWER"": {""involvement"": ""none"", ""role"": null, ""evidence"": """", ""signals"": [], ""confidence"": 0.0}}"
event/9c9b9b15,"Abel Magwitch started, made a short run, then stopped and looked over his shoulder.",ACTION_TENSION,,0.86,38,1,A memorable raw afternoon towards evening,Churchyard,,none,,0.0,,none,,0.0,,none,,0.0,,none,,0.0,,none,,0.0,,"{""KNOWLEDGE"": {""involvement"": ""none"", ""role"": null, ""evidence"": """", ""signals"": [], ""confidence"": 0.0}, ""JUSTICE"": {""involvement"": ""none"", ""role"": null, ""evidence"": """", ""signals"": [], ""confidence"": 0.0}, ""WEALTH"": {""involvement"": ""none"", ""role"": null, ""evidence"": """", ""signals"": [], ""confidence"": 0.0}, ""KINSHIP"": {""involvement"": ""none"", ""role"": null, ""evidence"": """", ""signals"": [], ""confidence"": 0.0}, ""POWER"": {""involvement"": ""none"", ""role"": null, ""evidence"": """", ""signals"": [], ""confidence"": 0.0}}"
event/390241c8,"Philip Pirrip timidly clarified, ""Also Georgiana. That’s my mother.""",ACKNOWLEDGMENT,,0.87,39,1,A memorable raw afternoon towards evening,Churchyard,,none,,0.0,,none,,0.0,,direct,revealing,0.9,"""Also Georgiana. That’s my mother."" This explicitly invokes the mother–child tie.",none,,0.0,,direct,revealing,0.7,"He states, ""Also Georgiana. That’s my mother,"" disclosing his mother's name and relation.","{""KNOWLEDGE"": {""involvement"": ""direct"", ""role"": ""revealing"", ""evidence"": ""He states, \""Also Georgiana. That\u2019s my mother,\"" disclosing his mother's name and relation."", ""signals"": [""clarified"", ""Also Georgiana"", ""That's my mother"", ""discloses name""], ""confidence"": 0.7}, ""JUSTICE"": {""involvement"": ""none"", ""role"": null, ""evidence"": """", ""signals"": [], ""confidence"": 0.0}, ""WEALTH"": {""involvement"": ""none"", ""role"": null, ""evidence"": """", ""signals"": [], ""confidence"": 0.0}, ""KINSHIP"": {""involvement"": ""direct"", ""role"": ""revealing"", ""evidence"": ""\""Also Georgiana. That\u2019s my mother.\"" This explicitly invokes the mother\u2013child tie."", ""signals"": [""That's my mother"", ""Also Georgiana"", ""clarified""], ""confidence"": 0.9}, ""POWER"": {""involvement"": ""none"", ""role"": null, ""evidence"": """", ""signals"": [], ""confidence"": 0.0}}"
event/94901495,Abel Magwitch came back to Philip Pirrip.,ARRIVAL,,0.85,40,1,A memorable raw afternoon towards evening,Churchyard (near the tombstone),,indirect,enabling,0.55,"""Abel Magwitch came back to Philip Pirrip."" The stated purpose is ""Resume interrogation,"" positioning him to exert coercive questioning.",none,,0.0,,none,,0.0,,none,,0.0,,indirect,enabling,0.58,"""Abel Magwitch came back to Philip Pirrip."" The note ""Resume interrogation"" indicates the return sets up information extraction.","{""KNOWLEDGE"": {""involvement"": ""indirect"", ""role"": ""enabling"", ""evidence"": ""\""Abel Magwitch came back to Philip Pirrip.\"" The note \""Resume interrogation\"" indicates the return sets up information extraction."", ""signals"": [""came back"", ""resume interrogation"", ""interrogation""], ""confidence"": 0.58}, ""JUSTICE"": {""involvement"": ""none"", ""role"": null, ""evidence"": """", ""signals"": [], ""confidence"": 0.0}, ""WEALTH"": {""involvement"": ""none"", ""role"": null, ""evidence"": """", ""signals"": [], ""confidence"": 0.0}, ""KINSHIP"": {""involvement"": ""none"", ""role"": null, ""evidence"": """", ""signals"": [], ""confidence"": 0.0}, ""POWER"": {""involvement"": ""indirect"", ""role"": ""enabling"", ""evidence"": ""\""Abel Magwitch came back to Philip Pirrip.\"" The stated purpose is \""Resume interrogation,\"" positioning him to exert coercive questioning."", ""signals"": [""came back"", ""to Philip Pirrip"", ""resume interrogation""], ""confidence"": 0.55}}"
event/890c4308,Abel Magwitch asked if Philip Pirrip's father was with his mother.,ACTION_TENSION,,0.9,41,1,A memorable raw afternoon towards evening,Churchyard,,none,,0.0,,none,,0.0,,direct,initiating,0.62,"He ""asked if Philip Pirrip's father was with his mother,"" explicitly invoking the parental relationship.",none,,0.0,,latent,enabling,0.38,"By asking ""if Philip Pirrip's father was with his mother,"" Magwitch signals an information-seeking move, setting up potential revelation.","{""KNOWLEDGE"": {""involvement"": ""latent"", ""role"": ""enabling"", ""evidence"": ""By asking \""if Philip Pirrip's father was with his mother,\"" Magwitch signals an information-seeking move, setting up potential revelation."", ""signals"": [""interrogation"", ""asked"", ""if father was with his mother""], ""confidence"": 0.38}, ""JUSTICE"": {""involvement"": ""none"", ""role"": null, ""evidence"": """", ""signals"": [], ""confidence"": 0.0}, ""WEALTH"": {""involvement"": ""none"", ""role"": null, ""evidence"": """", ""signals"": [], ""confidence"": 0.0}, ""KINSHIP"": {""involvement"": ""direct"", ""role"": ""initiating"", ""evidence"": ""He \""asked if Philip Pirrip's father was with his mother,\"" explicitly invoking the parental relationship."", ""signals"": [""father"", ""mother"", ""asked if ... was with ..."", ""parental relationship invoked""], ""confidence"": 0.62}, ""POWER"": {""involvement"": ""none"", ""role"": null, ""evidence"": """", ""signals"": [], ""confidence"": 0.0}}"
event/a1ef9dc1,"Philip Pirrip confirmed his father was there too, late of the parish.",ACKNOWLEDGMENT,,0.88,42,1,A memorable raw afternoon towards evening,Churchyard,,latent,mediating,0.6,"Compliance under threat; he ""confirmed"" the demanded fact, indicating his speech was constrained by coercion.",none,,0.0,,direct,revealing,0.86,"He ""confirmed his father was there too, late of the parish,"" explicitly invoking the father–child tie (and its loss).",none,,0.0,,direct,revealing,0.88,"He ""confirmed his father was there too,"" conveying new information to Magwitch about his parentage/status.","{""KNOWLEDGE"": {""involvement"": ""direct"", ""role"": ""revealing"", ""evidence"": ""He \""confirmed his father was there too,\"" conveying new information to Magwitch about his parentage/status."", ""signals"": [""confirmed"", ""disclosed"", ""his father was there"", ""to Magwitch""], ""confidence"": 0.88}, ""JUSTICE"": {""involvement"": ""none"", ""role"": null, ""evidence"": """", ""signals"": [], ""confidence"": 0.0}, ""WEALTH"": {""involvement"": ""none"", ""role"": null, ""evidence"": """", ""signals"": [], ""confidence"": 0.0}, ""KINSHIP"": {""involvement"": ""direct"", ""role"": ""revealing"", ""evidence"": ""He \""confirmed his father was there too, late of the parish,\"" explicitly invoking the father\u2013child tie (and its loss)."", ""signals"": [""his father"", ""confirmed"", ""late of the parish"", ""there too""], ""confidence"": 0.86}, ""POWER"": {""involvement"": ""latent"", ""role"": ""mediating"", ""evidence"": ""Compliance under threat; he \""confirmed\"" the demanded fact, indicating his speech was constrained by coercion."", ""signals"": [""Compliance under threat"", ""confirmed"", ""coerced compliance"", ""Magwitch present""], ""confidence"": 0.6}}"
event/7cedf3fe,Abel Magwitch muttered and considered.,CONTEMPLATION,,0.83,43,1,A memorable raw afternoon towards evening,Churchyard,,none,,0.0,,none,,0.0,,none,,0.0,,none,,0.0,,none,,0.0,,"{""KNOWLEDGE"": {""involvement"": ""none"", ""role"": null, ""evidence"": """", ""signals"": [], ""confidence"": 0.0}, ""JUSTICE"": {""involvement"": ""none"", ""role"": null, ""evidence"": """", ""signals"": [], ""confidence"": 0.0}, ""WEALTH"": {""involvement"": ""none"", ""role"": null, ""evidence"": """", ""signals"": [], ""confidence"": 0.0}, ""KINSHIP"": {""involvement"": ""none"", ""role"": null, ""evidence"": """", ""signals"": [], ""confidence"": 0.0}, ""POWER"": {""involvement"": ""none"", ""role"": null, ""evidence"": """", ""signals"": [], ""confidence"": 0.0}}"
event/dcdcdd80,"Abel Magwitch asked who Philip Pirrip lived with, adding the threat that he had not made up his mind whether to let Philip Pirrip live.",ACTION_TENSION,,0.9,44,1,A memorable raw afternoon towards evening,Churchyard,,direct,initiating,0.9,"He interrogates Philip and adds a death threat: ""he had not made up his mind whether to let Philip Pirrip live,"" coercing compliance.",none,,0.0,,none,,0.0,,direct,initiating,0.62,"He issues a death threat (""not made up his mind whether to let [him] live""), an explicit moral/legal violation.",indirect,enabling,0.64,"He ""asked who Philip Pirrip lived with,"" initiating an interrogation to obtain information.","{""KNOWLEDGE"": {""involvement"": ""indirect"", ""role"": ""enabling"", ""evidence"": ""He \""asked who Philip Pirrip lived with,\"" initiating an interrogation to obtain information."", ""signals"": [""asked who he lived with"", ""interrogation"", ""seeking information""], ""confidence"": 0.64}, ""JUSTICE"": {""involvement"": ""direct"", ""role"": ""initiating"", ""evidence"": ""He issues a death threat (\""not made up his mind whether to let [him] live\""), an explicit moral/legal violation."", ""signals"": [""death threat"", ""menace of murder"", ""wrongdoing signaled""], ""confidence"": 0.62}, ""WEALTH"": {""involvement"": ""none"", ""role"": null, ""evidence"": """", ""signals"": [], ""confidence"": 0.0}, ""KINSHIP"": {""involvement"": ""none"", ""role"": null, ""evidence"": """", ""signals"": [], ""confidence"": 0.0}, ""POWER"": {""involvement"": ""direct"", ""role"": ""initiating"", ""evidence"": ""He interrogates Philip and adds a death threat: \""he had not made up his mind whether to let Philip Pirrip live,\"" coercing compliance."", ""signals"": [""death threat"", ""coercion"", ""interrogation"", ""constraining choice""], ""confidence"": 0.9}}"
event/83c900d5,"Philip Pirrip stated he lived with his sister, Mrs. Joe Gargery, wife of Joe Gargery, the blacksmith.",ACKNOWLEDGMENT,,0.9,45,1,A memorable raw afternoon towards evening,Churchyard,,indirect,enabling,0.6,"He 'stated he lived with his sister...'; context notes 'Compliance under threat,' indicating the admission was compelled and equips the coercer to enforce the threat.",none,,0.0,,direct,revealing,0.9,"He 'stated he lived with his sister, Mrs. Joe Gargery, wife of Joe Gargery,' explicitly invoking household and family ties.",none,,0.0,,direct,revealing,0.78,"He 'stated he lived with his sister, Mrs. Joe Gargery, wife of Joe Gargery,' thereby providing identifying and locational information to the other party.","{""KNOWLEDGE"": {""involvement"": ""direct"", ""role"": ""revealing"", ""evidence"": ""He 'stated he lived with his sister, Mrs. Joe Gargery, wife of Joe Gargery,' thereby providing identifying and locational information to the other party."", ""signals"": [""stated he lived with his sister"", ""identifying information"", ""to Abel Magwitch"", ""locational detail revealed""], ""confidence"": 0.78}, ""JUSTICE"": {""involvement"": ""none"", ""role"": null, ""evidence"": """", ""signals"": [], ""confidence"": 0.0}, ""WEALTH"": {""involvement"": ""none"", ""role"": null, ""evidence"": """", ""signals"": [], ""confidence"": 0.0}, ""KINSHIP"": {""involvement"": ""direct"", ""role"": ""revealing"", ""evidence"": ""He 'stated he lived with his sister, Mrs. Joe Gargery, wife of Joe Gargery,' explicitly invoking household and family ties."", ""signals"": [""lived with his sister"", ""Mrs. Joe Gargery"", ""wife of Joe Gargery"", ""household tie invoked""], ""confidence"": 0.9}, ""POWER"": {""involvement"": ""indirect"", ""role"": ""enabling"", ""evidence"": ""He 'stated he lived with his sister...'; context notes 'Compliance under threat,' indicating the admission was compelled and equips the coercer to enforce the threat."", ""signals"": [""stated he lived with his sister"", ""Compliance under threat"", ""provide identifying information"", ""to Abel Magwitch""], ""confidence"": 0.6}}"
event/ad13512c,"Abel Magwitch reacted to the word ""Blacksmith"" and looked down at his leg.",CONTEMPLATION,,0.88,46,1,A memorable raw afternoon towards evening,Churchyard,,indirect,enabling,0.6,"He ""reacted to the word 'Blacksmith'"" and ""looked down at his leg,"" implying he sees a way to deal with the shackle.",none,,0.0,,none,,0.0,,latent,revealing,0.48,"Concern about leg-iron; he ""looked down at his leg,"" signaling ongoing legal restraint.",direct,revealing,0.72,"He ""reacted to the word 'Blacksmith'"" and ""looked down at his leg,"" showing he learns/infers the relevance of a blacksmith to his shackle.","{""KNOWLEDGE"": {""involvement"": ""direct"", ""role"": ""revealing"", ""evidence"": ""He \""reacted to the word 'Blacksmith'\"" and \""looked down at his leg,\"" showing he learns/infers the relevance of a blacksmith to his shackle."", ""signals"": [""reacted to 'Blacksmith'"", ""looked down at his leg"", ""concern about leg-iron""], ""confidence"": 0.72}, ""JUSTICE"": {""involvement"": ""latent"", ""role"": ""revealing"", ""evidence"": ""Concern about leg-iron; he \""looked down at his leg,\"" signaling ongoing legal restraint."", ""signals"": [""leg-iron"", ""looked down at his leg"", ""reacted to 'Blacksmith'""], ""confidence"": 0.48}, ""WEALTH"": {""involvement"": ""none"", ""role"": null, ""evidence"": """", ""signals"": [], ""confidence"": 0.0}, ""KINSHIP"": {""involvement"": ""none"", ""role"": null, ""evidence"": """", ""signals"": [], ""confidence"": 0.0}, ""POWER"": {""involvement"": ""indirect"", ""role"": ""enabling"", ""evidence"": ""He \""reacted to the word 'Blacksmith'\"" and \""looked down at his leg,\"" implying he sees a way to deal with the shackle."", ""signals"": [""reacted to 'Blacksmith'"", ""looked down at his leg"", ""escape risk""], ""confidence"": 0.6}}"
event/77b1a1c8,"Abel Magwitch approached the tombstone, seized Philip Pirrip by both arms, and tilted him back to loom over him.",ACTION_TENSION,,0.9,47,1,A memorable raw afternoon towards evening,On a high tombstone in the churchyard,,direct,initiating,0.9,"""seized Philip Pirrip by both arms, and tilted him back to loom over him""—a physical act of coercion that constrains Pip.",indirect,enabling,0.6,"The intimidation here enables the subsequent order to bring ""a file and food,"" initiating a compelled resource transfer.",none,,0.0,,direct,initiating,0.62,"""seized ... by both arms"" and ""tilted him back to loom over him"" constitute an assault/coercive violation of norms.",indirect,mediating,0.54,Bridge: linked to event/588a95dd via PSYCHOLOGICAL_PRESSURE which has direct KNOWLEDGE involvement.,"{""KNOWLEDGE"": {""involvement"": ""indirect"", ""role"": ""mediating"", ""evidence"": ""Bridge: linked to event/588a95dd via PSYCHOLOGICAL_PRESSURE which has direct KNOWLEDGE involvement."", ""signals"": [""bridge_from:event/588a95dd"", ""via:PSYCHOLOGICAL_PRESSURE""], ""confidence"": 0.54, ""bridge_source"": ""event/588a95dd"", ""bridge_relation"": ""PSYCHOLOGICAL_PRESSURE""}, ""JUSTICE"": {""involvement"": ""direct"", ""role"": ""initiating"", ""evidence"": ""\""seized ... by both arms\"" and \""tilted him back to loom over him\"" constitute an assault/coercive violation of norms."", ""signals"": [""seized"", ""physical coercion"", ""loom over"", ""assaultive act""], ""confidence"": 0.62}, ""WEALTH"": {""involvement"": ""indirect"", ""role"": ""enabling"", ""evidence"": ""The intimidation here enables the subsequent order to bring \""a file and food,\"" initiating a compelled resource transfer."", ""signals"": [""intimidation precondition"", ""enables demand"", ""file and food (next event)""], ""confidence"": 0.6}, ""KINSHIP"": {""involvement"": ""none"", ""role"": null, ""evidence"": """", ""signals"": [], ""confidence"": 0.0}, ""POWER"": {""involvement"": ""direct"", ""role"": ""initiating"", ""evidence"": ""\""seized Philip Pirrip by both arms, and tilted him back to loom over him\""\u2014a physical act of coercion that constrains Pip."", ""signals"": [""seized by both arms"", ""tilted him back"", ""loom over him"", ""intimidation""], ""confidence"": 0.9}}"
event/7453fce7,Abel Magwitch threatened Philip Pirrip's life and asked if Philip Pirrip knew what a file was.,ACTION_TENSION,,0.9,48,1,A memorable raw afternoon towards evening,On a high tombstone in the churchyard,,direct,initiating,0.9,"""Abel Magwitch threatened Philip Pirrip's life""—an explicit death threat that coerces compliance.",latent,enabling,0.34,"""asked if Philip Pirrip knew what a file was""—signaling a forthcoming demand for a tool (property) but no transfer yet.",none,,0.0,,direct,initiating,0.9,"""threatened Philip Pirrip's life""—a clear violation (menace/assault) initiating a justice-relevant offense.",direct,revealing,0.68,"By threatening his life, Magwitch communicates imminent danger to Pip; he also ""asked if [Pip] knew what a file was,"" probing actionable knowledge.","{""KNOWLEDGE"": {""involvement"": ""direct"", ""role"": ""revealing"", ""evidence"": ""By threatening his life, Magwitch communicates imminent danger to Pip; he also \""asked if [Pip] knew what a file was,\"" probing actionable knowledge."", ""signals"": [""threatened"", ""declares intent"", ""asks if he knew""], ""confidence"": 0.68}, ""JUSTICE"": {""involvement"": ""direct"", ""role"": ""initiating"", ""evidence"": ""\""threatened Philip Pirrip's life\""\u2014a clear violation (menace/assault) initiating a justice-relevant offense."", ""signals"": [""threatened"", ""menace"", ""violence"", ""assault risk""], ""confidence"": 0.9}, ""WEALTH"": {""involvement"": ""latent"", ""role"": ""enabling"", ""evidence"": ""\""asked if Philip Pirrip knew what a file was\""\u2014signaling a forthcoming demand for a tool (property) but no transfer yet."", ""signals"": [""file"", ""tools"", ""setup for demand""], ""confidence"": 0.34}, ""KINSHIP"": {""involvement"": ""none"", ""role"": null, ""evidence"": """", ""signals"": [], ""confidence"": 0.0}, ""POWER"": {""involvement"": ""direct"", ""role"": ""initiating"", ""evidence"": ""\""Abel Magwitch threatened Philip Pirrip's life\""\u2014an explicit death threat that coerces compliance."", ""signals"": [""threatened"", ""death threat"", ""coercion"", ""constrains choices""], ""confidence"": 0.9}}"
event/e9faf8d3,Philip Pirrip answered that he knew what a file was.,ACKNOWLEDGMENT,,0.9,49,1,A memorable raw afternoon towards evening,On a high tombstone in the churchyard,,indirect,enabling,0.6,"""Compliance under threat""; he ""answered that he knew what a file was,"" enabling the coercer to direct him to procure one.",none,,0.0,,none,,0.0,,none,,0.0,,direct,revealing,0.75,"He ""answered that he knew what a file was,"" revealing capability information to the other party.","{""KNOWLEDGE"": {""involvement"": ""direct"", ""role"": ""revealing"", ""evidence"": ""He \""answered that he knew what a file was,\"" revealing capability information to the other party."", ""signals"": [""answered"", ""knew"", ""what a file was""], ""confidence"": 0.75}, ""JUSTICE"": {""involvement"": ""none"", ""role"": null, ""evidence"": """", ""signals"": [], ""confidence"": 0.0}, ""WEALTH"": {""involvement"": ""none"", ""role"": null, ""evidence"": """", ""signals"": [], ""confidence"": 0.0}, ""KINSHIP"": {""involvement"": ""none"", ""role"": null, ""evidence"": """", ""signals"": [], ""confidence"": 0.0}, ""POWER"": {""involvement"": ""indirect"", ""role"": ""enabling"", ""evidence"": ""\""Compliance under threat\""; he \""answered that he knew what a file was,\"" enabling the coercer to direct him to procure one."", ""signals"": [""compliance under threat"", ""answered"", ""knew what a file was""], ""confidence"": 0.6}}"
event/8ad571ce,Abel Magwitch asked if Philip Pirrip knew what wittles were.,ACTION_TENSION,,0.9,50,1,A memorable raw afternoon towards evening,On a high tombstone in the churchyard,,none,,0.0,,latent,initiating,0.42,"He ""asked if Philip Pirrip knew what wittles were,"" signaling food as the object to be obtained.",none,,0.0,,none,,0.0,,none,,0.0,,"{""KNOWLEDGE"": {""involvement"": ""none"", ""role"": null, ""evidence"": """", ""signals"": [], ""confidence"": 0.0}, ""JUSTICE"": {""involvement"": ""none"", ""role"": null, ""evidence"": """", ""signals"": [], ""confidence"": 0.0}, ""WEALTH"": {""involvement"": ""latent"", ""role"": ""initiating"", ""evidence"": ""He \""asked if Philip Pirrip knew what wittles were,\"" signaling food as the object to be obtained."", ""signals"": [""wittles"", ""asked if he knew"", ""what ... were""], ""confidence"": 0.42}, ""KINSHIP"": {""involvement"": ""none"", ""role"": null, ""evidence"": """", ""signals"": [], ""confidence"": 0.0}, ""POWER"": {""involvement"": ""none"", ""role"": null, ""evidence"": """", ""signals"": [], ""confidence"": 0.0}}"
event/15c050ec,Philip Pirrip answered that he knew what wittles were.,ACKNOWLEDGMENT,,0.9,51,1,A memorable raw afternoon towards evening,On a high tombstone in the churchyard,,indirect,enabling,0.7,"""Philip Pirrip answered that he knew what wittles were."" Under prior threat, this affirmation enabled the next step: ""Abel Magwitch commanded Philip Pirrip to get him wittles.""",indirect,enabling,0.55,"By confirming he knew what ""wittles"" were, Pip enabled Magwitch to demand food: ""commanded Philip Pirrip to get him wittles.""",none,,0.0,,indirect,mediating,0.54,Bridge: linked to event/7453fce7 via PSYCHOLOGICAL_PRESSURE which has direct JUSTICE involvement.,direct,revealing,0.87,"""Philip Pirrip answered that he knew what wittles were,"" revealing his understanding to Magwitch and enabling him to act on it.","{""KNOWLEDGE"": {""involvement"": ""direct"", ""role"": ""revealing"", ""evidence"": ""\""Philip Pirrip answered that he knew what wittles were,\"" revealing his understanding to Magwitch and enabling him to act on it."", ""signals"": [""answered"", ""knew"", ""revealed understanding""], ""confidence"": 0.87}, ""JUSTICE"": {""involvement"": ""indirect"", ""role"": ""mediating"", ""evidence"": ""Bridge: linked to event/7453fce7 via PSYCHOLOGICAL_PRESSURE which has direct JUSTICE involvement."", ""signals"": [""bridge_from:event/7453fce7"", ""via:PSYCHOLOGICAL_PRESSURE""], ""confidence"": 0.54, ""bridge_source"": ""event/7453fce7"", ""bridge_relation"": ""PSYCHOLOGICAL_PRESSURE""}, ""WEALTH"": {""involvement"": ""indirect"", ""role"": ""enabling"", ""evidence"": ""By confirming he knew what \""wittles\"" were, Pip enabled Magwitch to demand food: \""commanded Philip Pirrip to get him wittles.\"""", ""signals"": [""wittles (food)"", ""answered he knew"", ""demand for food""], ""confidence"": 0.55}, ""KINSHIP"": {""involvement"": ""none"", ""role"": null, ""evidence"": """", ""signals"": [], ""confidence"": 0.0}, ""POWER"": {""involvement"": ""indirect"", ""role"": ""enabling"", ""evidence"": ""\""Philip Pirrip answered that he knew what wittles were.\"" Under prior threat, this affirmation enabled the next step: \""Abel Magwitch commanded Philip Pirrip to get him wittles.\"""", ""signals"": [""answered he knew"", ""compliance under threat"", ""licenses the demand"", ""command to get wittles""], ""confidence"": 0.7}}"
event/c74b6510,Abel Magwitch repeatedly tilted Philip Pirrip further after each question to increase his helplessness and sense of danger.,ACTION_TENSION,,0.9,52,1,A memorable raw afternoon towards evening,On a high tombstone in the churchyard,,direct,escalating,0.9,"""repeatedly tilted Philip Pirrip further after each question to increase his helplessness and sense of danger.""",none,,0.0,,none,,0.0,,none,,0.0,,indirect,enabling,0.58,"""after each question"" he ""repeatedly tilted... to increase his helplessness,"" pressuring answers during questioning.","{""KNOWLEDGE"": {""involvement"": ""indirect"", ""role"": ""enabling"", ""evidence"": ""\""after each question\"" he \""repeatedly tilted... to increase his helplessness,\"" pressuring answers during questioning."", ""signals"": [""after each question"", ""pressuring answers"", ""increase his helplessness"", ""intimidation during questioning""], ""confidence"": 0.58}, ""JUSTICE"": {""involvement"": ""none"", ""role"": null, ""evidence"": """", ""signals"": [], ""confidence"": 0.0}, ""WEALTH"": {""involvement"": ""none"", ""role"": null, ""evidence"": """", ""signals"": [], ""confidence"": 0.0}, ""KINSHIP"": {""involvement"": ""none"", ""role"": null, ""evidence"": """", ""signals"": [], ""confidence"": 0.0}, ""POWER"": {""involvement"": ""direct"", ""role"": ""escalating"", ""evidence"": ""\""repeatedly tilted Philip Pirrip further after each question to increase his helplessness and sense of danger.\"""", ""signals"": [""repeatedly tilted"", ""after each question"", ""increase his helplessness"", ""sense of danger""], ""confidence"": 0.9}}"
event/7276b786,Abel Magwitch commanded Philip Pirrip to get him a file.,ACTION_TENSION,,0.9,53,1,A memorable raw afternoon towards evening,On a high tombstone in the churchyard,,direct,initiating,0.92,"""Abel Magwitch commanded Philip Pirrip to get him a file."" The command constrains Pip's choices under coercion.",none,,0.0,,none,,0.0,,indirect,enabling,0.68,"He orders Pip to procure a file ""to remove [his] leg-iron,"" enabling evasion of lawful restraint.",direct,revealing,0.63,"By commanding Pip ""to get him a file,"" Magwitch reveals his need and plan, informing Pip what action to take.","{""KNOWLEDGE"": {""involvement"": ""direct"", ""role"": ""revealing"", ""evidence"": ""By commanding Pip \""to get him a file,\"" Magwitch reveals his need and plan, informing Pip what action to take."", ""signals"": [""request for file"", ""Magwitch's need revealed"", ""instruction to Pip""], ""confidence"": 0.63}, ""JUSTICE"": {""involvement"": ""indirect"", ""role"": ""enabling"", ""evidence"": ""He orders Pip to procure a file \""to remove [his] leg-iron,\"" enabling evasion of lawful restraint."", ""signals"": [""remove leg-iron"", ""leg-iron"", ""aid escape""], ""confidence"": 0.68}, ""WEALTH"": {""involvement"": ""none"", ""role"": null, ""evidence"": """", ""signals"": [], ""confidence"": 0.0}, ""KINSHIP"": {""involvement"": ""none"", ""role"": null, ""evidence"": """", ""signals"": [], ""confidence"": 0.0}, ""POWER"": {""involvement"": ""direct"", ""role"": ""initiating"", ""evidence"": ""\""Abel Magwitch commanded Philip Pirrip to get him a file.\"" The command constrains Pip's choices under coercion."", ""signals"": [""commanded"", ""get him a file"", ""coercion""], ""confidence"": 0.92}}"
event/9fe14cf6,Abel Magwitch commanded Philip Pirrip to get him wittles.,ACTION_TENSION,,0.9,54,1,A memorable raw afternoon towards evening,On a high tombstone in the churchyard,,direct,initiating,0.9,“Abel Magwitch commanded Philip Pirrip to get him wittles.” The command compels Pip to act under coercion.,indirect,enabling,0.65,"The order to “get him wittles” sets up acquiring food for Magwitch, a precondition to resource transfer.",none,,0.0,,none,,0.0,,indirect,mediating,0.49199999999999994,Bridge: linked to event/64d69630 via EVENT_REINFORCEMENT which has direct KNOWLEDGE involvement.,"{""KNOWLEDGE"": {""involvement"": ""indirect"", ""role"": ""mediating"", ""evidence"": ""Bridge: linked to event/64d69630 via EVENT_REINFORCEMENT which has direct KNOWLEDGE involvement."", ""signals"": [""bridge_from:event/64d69630"", ""via:EVENT_REINFORCEMENT""], ""confidence"": 0.49199999999999994, ""bridge_source"": ""event/64d69630"", ""bridge_relation"": ""EVENT_REINFORCEMENT""}, ""JUSTICE"": {""involvement"": ""none"", ""role"": null, ""evidence"": """", ""signals"": [], ""confidence"": 0.0}, ""WEALTH"": {""involvement"": ""indirect"", ""role"": ""enabling"", ""evidence"": ""The order to \u201cget him wittles\u201d sets up acquiring food for Magwitch, a precondition to resource transfer."", ""signals"": [""wittles (food)"", ""get him"", ""obtain/provide""], ""confidence"": 0.65}, ""KINSHIP"": {""involvement"": ""none"", ""role"": null, ""evidence"": """", ""signals"": [], ""confidence"": 0.0}, ""POWER"": {""involvement"": ""direct"", ""role"": ""initiating"", ""evidence"": ""\u201cAbel Magwitch commanded Philip Pirrip to get him wittles.\u201d The command compels Pip to act under coercion."", ""signals"": [""commanded"", ""to get him wittles"", ""coercion/compulsion""], ""confidence"": 0.9}}"
event/64d69630,Abel Magwitch commanded Philip Pirrip to bring both the file and the wittles to him.,ACTION_TENSION,,0.9,55,1,A memorable raw afternoon towards evening,On a high tombstone in the churchyard,,direct,escalating,0.9,“Abel Magwitch commanded Philip Pirrip to bring both the file and the wittles to him.” This intensifies the prior order by specifying additional obedience.,indirect,enabling,0.7,The command to “bring both the file and the wittles to him” sets up a transfer of goods to Magwitch.,none,,0.0,,none,,0.0,,direct,revealing,0.82,"By specifying “both the file and the wittles,” Magwitch provides Pip new actionable instructions.","{""KNOWLEDGE"": {""involvement"": ""direct"", ""role"": ""revealing"", ""evidence"": ""By specifying \u201cboth the file and the wittles,\u201d Magwitch provides Pip new actionable instructions."", ""signals"": [""commanded"", ""both the file and the wittles"", ""instructions"", ""to him""], ""confidence"": 0.82}, ""JUSTICE"": {""involvement"": ""none"", ""role"": null, ""evidence"": """", ""signals"": [], ""confidence"": 0.0}, ""WEALTH"": {""involvement"": ""indirect"", ""role"": ""enabling"", ""evidence"": ""The command to \u201cbring both the file and the wittles to him\u201d sets up a transfer of goods to Magwitch."", ""signals"": [""bring"", ""wittles"", ""file"", ""to him""], ""confidence"": 0.7}, ""KINSHIP"": {""involvement"": ""none"", ""role"": null, ""evidence"": """", ""signals"": [], ""confidence"": 0.0}, ""POWER"": {""involvement"": ""direct"", ""role"": ""escalating"", ""evidence"": ""\u201cAbel Magwitch commanded Philip Pirrip to bring both the file and the wittles to him.\u201d This intensifies the prior order by specifying additional obedience."", ""signals"": [""commanded"", ""bring"", ""to him"", ""coercion""], ""confidence"": 0.9}}"
event/b1f50201,"Abel Magwitch threatened, ""Or I’ll have your heart and liver out.""",ACTION_TENSION,,0.9,56,1,A memorable raw afternoon towards evening,On a high tombstone in the churchyard,,direct,initiating,0.92,"Abel Magwitch threatened, ""Or I’ll have your heart and liver out."" The violent threat coerces Pip and constrains his choices.",none,,0.0,,none,,0.0,,direct,initiating,0.78,"He issues a violent death threat: ""Or I’ll have your heart and liver out,"" constituting a clear moral/legal violation.",none,,0.0,,"{""KNOWLEDGE"": {""involvement"": ""none"", ""role"": null, ""evidence"": """", ""signals"": [], ""confidence"": 0.0}, ""JUSTICE"": {""involvement"": ""direct"", ""role"": ""initiating"", ""evidence"": ""He issues a violent death threat: \""Or I\u2019ll have your heart and liver out,\"" constituting a clear moral/legal violation."", ""signals"": [""threatened"", ""death threat"", ""violence"", ""have your heart and liver out""], ""confidence"": 0.78}, ""WEALTH"": {""involvement"": ""none"", ""role"": null, ""evidence"": """", ""signals"": [], ""confidence"": 0.0}, ""KINSHIP"": {""involvement"": ""none"", ""role"": null, ""evidence"": """", ""signals"": [], ""confidence"": 0.0}, ""POWER"": {""involvement"": ""direct"", ""role"": ""initiating"", ""evidence"": ""Abel Magwitch threatened, \""Or I\u2019ll have your heart and liver out.\"" The violent threat coerces Pip and constrains his choices."", ""signals"": [""threatened"", ""or I'll"", ""have your heart and liver out"", ""coercion""], ""confidence"": 0.92}}"
event/3dbec860,"Philip Pirrip, dreadfully frightened and giddy, clung to Abel Magwitch with both hands.",CHARACTER_EMOTION_SPIKE,,0.9,57,1,A memorable raw afternoon towards evening,On a high tombstone in the churchyard,,none,,0.0,,none,,0.0,,none,,0.0,,none,,0.0,,none,,0.0,,"{""KNOWLEDGE"": {""involvement"": ""none"", ""role"": null, ""evidence"": """", ""signals"": [], ""confidence"": 0.0}, ""JUSTICE"": {""involvement"": ""none"", ""role"": null, ""evidence"": """", ""signals"": [], ""confidence"": 0.0}, ""WEALTH"": {""involvement"": ""none"", ""role"": null, ""evidence"": """", ""signals"": [], ""confidence"": 0.0}, ""KINSHIP"": {""involvement"": ""none"", ""role"": null, ""evidence"": """", ""signals"": [], ""confidence"": 0.0}, ""POWER"": {""involvement"": ""none"", ""role"": null, ""evidence"": """", ""signals"": [], ""confidence"": 0.0}}"
event/ee175aff,Philip Pirrip pleaded to be kept upright so he would not be sick and could attend better.,ACTION_TENSION,,0.9,58,1,A memorable raw afternoon towards evening,On a high tombstone in the churchyard,,latent,enabling,0.38,"He pleaded to be kept upright so he would not be sick and could attend better, attempting to shape how he is handled within a coercive exchange.",none,,0.0,,none,,0.0,,none,,0.0,,direct,revealing,0.62,"He states he would not be sick and could attend better if kept upright, providing actionable information about his condition and capacity to comply.","{""KNOWLEDGE"": {""involvement"": ""direct"", ""role"": ""revealing"", ""evidence"": ""He states he would not be sick and could attend better if kept upright, providing actionable information about his condition and capacity to comply."", ""signals"": [""would not be sick"", ""could attend better"", ""kept upright"", ""pleaded""], ""confidence"": 0.62}, ""JUSTICE"": {""involvement"": ""none"", ""role"": null, ""evidence"": """", ""signals"": [], ""confidence"": 0.0}, ""WEALTH"": {""involvement"": ""none"", ""role"": null, ""evidence"": """", ""signals"": [], ""confidence"": 0.0}, ""KINSHIP"": {""involvement"": ""none"", ""role"": null, ""evidence"": """", ""signals"": [], ""confidence"": 0.0}, ""POWER"": {""involvement"": ""latent"", ""role"": ""enabling"", ""evidence"": ""He pleaded to be kept upright so he would not be sick and could attend better, attempting to shape how he is handled within a coercive exchange."", ""signals"": [""pleaded"", ""kept upright"", ""be sick"", ""attend better""], ""confidence"": 0.38}}"
event/45a36176,"Abel Magwitch gave Philip Pirrip a tremendous dip and roll, then held Philip Pirrip upright by the arms.",ACTION_TENSION,,0.88,59,1,A memorable raw afternoon towards evening,On a high tombstone in the churchyard,,direct,escalating,0.9,"He gave Philip Pirrip a tremendous dip and roll, then held him upright by the arms, physically controlling him.",none,,0.0,,none,,0.0,,direct,initiating,0.73,"The non-consensual manhandling—""a tremendous dip and roll"" and holding him by the arms—constitutes a moral/legal violation (assault).",none,,0.0,,"{""KNOWLEDGE"": {""involvement"": ""none"", ""role"": null, ""evidence"": """", ""signals"": [], ""confidence"": 0.0}, ""JUSTICE"": {""involvement"": ""direct"", ""role"": ""initiating"", ""evidence"": ""The non-consensual manhandling\u2014\""a tremendous dip and roll\"" and holding him by the arms\u2014constitutes a moral/legal violation (assault)."", ""signals"": [""non-consensual physical force"", ""tremendous dip and roll"", ""held by the arms""], ""confidence"": 0.73}, ""WEALTH"": {""involvement"": ""none"", ""role"": null, ""evidence"": """", ""signals"": [], ""confidence"": 0.0}, ""KINSHIP"": {""involvement"": ""none"", ""role"": null, ""evidence"": """", ""signals"": [], ""confidence"": 0.0}, ""POWER"": {""involvement"": ""direct"", ""role"": ""escalating"", ""evidence"": ""He gave Philip Pirrip a tremendous dip and roll, then held him upright by the arms, physically controlling him."", ""signals"": [""tremendous dip and roll"", ""held by the arms"", ""physical control/restraint""], ""confidence"": 0.9}}"
event/44b20640,Abel Magwitch held Philip Pirrip by the arms upright on top of a gravestone.,ACTION_TENSION,,0.95,60,1,A memorable raw afternoon towards evening,Churchyard,,direct,initiating,0.88,“Abel Magwitch held Philip Pirrip by the arms upright on top of a gravestone.” The physical restraint directly limits Philip’s choices.,none,,0.0,,none,,0.0,,direct,initiating,0.62,"By forcibly holding a child in place, Magwitch commits a clear norm/law violation (assault/restraint).",none,,0.0,,"{""KNOWLEDGE"": {""involvement"": ""none"", ""role"": null, ""evidence"": """", ""signals"": [], ""confidence"": 0.0}, ""JUSTICE"": {""involvement"": ""direct"", ""role"": ""initiating"", ""evidence"": ""By forcibly holding a child in place, Magwitch commits a clear norm/law violation (assault/restraint)."", ""signals"": [""held by the arms"", ""forcible restraint"", ""threatening control""], ""confidence"": 0.62}, ""WEALTH"": {""involvement"": ""none"", ""role"": null, ""evidence"": """", ""signals"": [], ""confidence"": 0.0}, ""KINSHIP"": {""involvement"": ""none"", ""role"": null, ""evidence"": """", ""signals"": [], ""confidence"": 0.0}, ""POWER"": {""involvement"": ""direct"", ""role"": ""initiating"", ""evidence"": ""\u201cAbel Magwitch held Philip Pirrip by the arms upright on top of a gravestone.\u201d The physical restraint directly limits Philip\u2019s choices."", ""signals"": [""held by the arms"", ""upright on top of a gravestone"", ""physical restraint"", ""coercion""], ""confidence"": 0.88}}"
event/588a95dd,Abel Magwitch ordered Philip Pirrip to bring a file and food to him at the old Battery early the next morning and to tell no one.,ACTION_TENSION,,0.96,61,1,Early next morning (commanded time),Churchyard (order); Old Battery (meeting place),,direct,initiating,0.9,“Abel Magwitch ordered Philip Pirrip to bring a file and food to him ... and to tell no one.”,indirect,enabling,0.68,"He “ordered [him] to bring a file and food to him,” setting up a transfer of goods.",none,,0.0,,indirect,enabling,0.55,"The command to bring items “and to tell no one” initiates a concealed, likely illicit act.",direct,revealing,0.9,"He specifies what to bring, when, and where: “bring a file and food … early the next morning … at the old Battery,” and imposes secrecy.","{""KNOWLEDGE"": {""involvement"": ""direct"", ""role"": ""revealing"", ""evidence"": ""He specifies what to bring, when, and where: \u201cbring a file and food \u2026 early the next morning \u2026 at the old Battery,\u201d and imposes secrecy."", ""signals"": [""ordered"", ""early the next morning"", ""old Battery"", ""tell no one""], ""confidence"": 0.9}, ""JUSTICE"": {""involvement"": ""indirect"", ""role"": ""enabling"", ""evidence"": ""The command to bring items \u201cand to tell no one\u201d initiates a concealed, likely illicit act."", ""signals"": [""tell no one"", ""ordered"", ""bring a file and food""], ""confidence"": 0.55}, ""WEALTH"": {""involvement"": ""indirect"", ""role"": ""enabling"", ""evidence"": ""He \u201cordered [him] to bring a file and food to him,\u201d setting up a transfer of goods."", ""signals"": [""bring a file"", ""food"", ""to him"", ""ordered""], ""confidence"": 0.68}, ""KINSHIP"": {""involvement"": ""none"", ""role"": null, ""evidence"": """", ""signals"": [], ""confidence"": 0.0}, ""POWER"": {""involvement"": ""direct"", ""role"": ""initiating"", ""evidence"": ""\u201cAbel Magwitch ordered Philip Pirrip to bring a file and food to him ... and to tell no one.\u201d"", ""signals"": [""ordered"", ""bring a file and food"", ""to him"", ""tell no one""], ""confidence"": 0.9}}"
event/a67ac38f,"Abel Magwitch threatened to tear out, roast, and eat Philip Pirrip’s heart and liver if Philip Pirrip disobeyed in any particular.",ACTION_TENSION,,0.96,62,1,Early next morning (commanded time),Churchyard,,direct,initiating,0.92,"Magwitch threatened to tear out, roast, and eat Pip’s heart and liver if Pip disobeyed in any particular, coercing his compliance.",none,,0.0,,none,,0.0,,direct,initiating,0.8,"He issues a violent conditional threat, which constitutes a moral/legal violation (assault) against Pip.",none,,0.0,,"{""KNOWLEDGE"": {""involvement"": ""none"", ""role"": null, ""evidence"": """", ""signals"": [], ""confidence"": 0.0}, ""JUSTICE"": {""involvement"": ""direct"", ""role"": ""initiating"", ""evidence"": ""He issues a violent conditional threat, which constitutes a moral/legal violation (assault) against Pip."", ""signals"": [""violent threat"", ""conditional on disobedience"", ""harm to heart and liver"", ""norm/law violation""], ""confidence"": 0.8}, ""WEALTH"": {""involvement"": ""none"", ""role"": null, ""evidence"": """", ""signals"": [], ""confidence"": 0.0}, ""KINSHIP"": {""involvement"": ""none"", ""role"": null, ""evidence"": """", ""signals"": [], ""confidence"": 0.0}, ""POWER"": {""involvement"": ""direct"", ""role"": ""initiating"", ""evidence"": ""Magwitch threatened to tear out, roast, and eat Pip\u2019s heart and liver if Pip disobeyed in any particular, coercing his compliance."", ""signals"": [""threatened"", ""tear out/roast/eat heart and liver"", ""if he disobeyed"", ""coercion of compliance""], ""confidence"": 0.92}}"
event/9a536f3b,Abel Magwitch claimed a dangerous young man was hidden with him who could get at a boy’s heart and liver and from whom hiding would be useless.,ACTION_TENSION,,0.93,63,1,Early next morning (commanded time),Churchyard,,direct,initiating,0.88,"He ""claimed a dangerous young man was hidden with him"" who ""could get at a boy’s heart and liver"" and that ""hiding would be useless,"" explicitly threatening harm to compel compliance.",none,,0.0,,none,,0.0,,direct,initiating,0.75,"The threat that an accomplice could ""get at a boy’s heart and liver"" constitutes an explicit moral/legal violation.",direct,revealing,0.86,"He conveys new (though deceptive) information: a ""dangerous young man was hidden with him"" and that ""hiding would be useless,"" altering the boy’s perceived options.","{""KNOWLEDGE"": {""involvement"": ""direct"", ""role"": ""revealing"", ""evidence"": ""He conveys new (though deceptive) information: a \""dangerous young man was hidden with him\"" and that \""hiding would be useless,\"" altering the boy\u2019s perceived options."", ""signals"": [""claimed ... hidden with him"", ""dangerous young man"", ""hiding would be useless"", ""could get at a boy\u2019s heart and liver""], ""confidence"": 0.86}, ""JUSTICE"": {""involvement"": ""direct"", ""role"": ""initiating"", ""evidence"": ""The threat that an accomplice could \""get at a boy\u2019s heart and liver\"" constitutes an explicit moral/legal violation."", ""signals"": [""threat of harm"", ""get at ... heart and liver"", ""dangerous young man"", ""hiding would be useless""], ""confidence"": 0.75}, ""WEALTH"": {""involvement"": ""none"", ""role"": null, ""evidence"": """", ""signals"": [], ""confidence"": 0.0}, ""KINSHIP"": {""involvement"": ""none"", ""role"": null, ""evidence"": """", ""signals"": [], ""confidence"": 0.0}, ""POWER"": {""involvement"": ""direct"", ""role"": ""initiating"", ""evidence"": ""He \""claimed a dangerous young man was hidden with him\"" who \""could get at a boy\u2019s heart and liver\"" and that \""hiding would be useless,\"" explicitly threatening harm to compel compliance."", ""signals"": [""dangerous young man"", ""could get at a boy\u2019s heart and liver"", ""hiding would be useless"", ""claimed ... hidden with him""], ""confidence"": 0.88}}"
event/add4c5e9,Abel Magwitch asserted he was keeping the young man from harming Philip Pirrip with great difficulty.,ACTION_TENSION,,0.92,64,1,Early next morning (commanded time),Churchyard,,direct,initiating,0.7,"""he was keeping the young man from harming Philip Pirrip with great difficulty""—a threat that constrains Pip's choices through fear of harm.",none,,0.0,,none,,0.0,,none,,0.0,,direct,revealing,0.65,"He ""asserted he was keeping the young man from harming Philip Pirrip,"" revealing the existence of a nearby threat and his control over it.","{""KNOWLEDGE"": {""involvement"": ""direct"", ""role"": ""revealing"", ""evidence"": ""He \""asserted he was keeping the young man from harming Philip Pirrip,\"" revealing the existence of a nearby threat and his control over it."", ""signals"": [""asserted"", ""young man"", ""harming Philip Pirrip""], ""confidence"": 0.65}, ""JUSTICE"": {""involvement"": ""none"", ""role"": null, ""evidence"": """", ""signals"": [], ""confidence"": 0.0}, ""WEALTH"": {""involvement"": ""none"", ""role"": null, ""evidence"": """", ""signals"": [], ""confidence"": 0.0}, ""KINSHIP"": {""involvement"": ""none"", ""role"": null, ""evidence"": """", ""signals"": [], ""confidence"": 0.0}, ""POWER"": {""involvement"": ""direct"", ""role"": ""initiating"", ""evidence"": ""\""he was keeping the young man from harming Philip Pirrip with great difficulty\""\u2014a threat that constrains Pip's choices through fear of harm."", ""signals"": [""keeping the young man from harming"", ""with great difficulty"", ""harming Philip Pirrip""], ""confidence"": 0.7}}"
event/4775b85d,Philip Pirrip promised to bring Abel Magwitch the file and what food he could and to come to the Battery early in the morning.,ACKNOWLEDGMENT,,0.95,65,1,Early next morning (promised time),Churchyard,,indirect,enabling,0.56,"""Philip Pirrip promised to bring Abel Magwitch the file and what food he could"" and ""to come to the Battery early in the morning.""",indirect,enabling,0.78,"""promised to bring Abel Magwitch the file and what food he could""",none,,0.0,,indirect,enabling,0.58,"""promised to bring Abel Magwitch the file""",direct,initiating,0.84,"""promised to bring Abel Magwitch the file and what food he could and to come to the Battery early in the morning.""","{""KNOWLEDGE"": {""involvement"": ""direct"", ""role"": ""initiating"", ""evidence"": ""\""promised to bring Abel Magwitch the file and what food he could and to come to the Battery early in the morning.\"""", ""signals"": [""promised"", ""bring the file"", ""what food he could"", ""come early in the morning""], ""confidence"": 0.84}, ""JUSTICE"": {""involvement"": ""indirect"", ""role"": ""enabling"", ""evidence"": ""\""promised to bring Abel Magwitch the file\"""", ""signals"": [""promised to bring"", ""the file"", ""aid to a convict"", ""early meeting plan""], ""confidence"": 0.58}, ""WEALTH"": {""involvement"": ""indirect"", ""role"": ""enabling"", ""evidence"": ""\""promised to bring Abel Magwitch the file and what food he could\"""", ""signals"": [""promised to bring"", ""the file"", ""what food he could"", ""bring to him""], ""confidence"": 0.78}, ""KINSHIP"": {""involvement"": ""none"", ""role"": null, ""evidence"": """", ""signals"": [], ""confidence"": 0.0}, ""POWER"": {""involvement"": ""indirect"", ""role"": ""enabling"", ""evidence"": ""\""Philip Pirrip promised to bring Abel Magwitch the file and what food he could\"" and \""to come to the Battery early in the morning.\"""", ""signals"": [""promised to bring"", ""the file"", ""come to the Battery"", ""early in the morning""], ""confidence"": 0.56}}"
event/6db57233,"Abel Magwitch demanded that Philip Pirrip swear, “Lord strike you dead if you don’t!”",ACTION_TENSION,,0.94,66,1,Early next morning (promised time),Churchyard,,direct,initiating,0.93,"He ""demanded that Philip Pirrip swear"" and threatened, ""Lord strike you dead if you don’t!""",none,,0.0,,none,,0.0,,none,,0.0,,none,,0.0,,"{""KNOWLEDGE"": {""involvement"": ""none"", ""role"": null, ""evidence"": """", ""signals"": [], ""confidence"": 0.0}, ""JUSTICE"": {""involvement"": ""none"", ""role"": null, ""evidence"": """", ""signals"": [], ""confidence"": 0.0}, ""WEALTH"": {""involvement"": ""none"", ""role"": null, ""evidence"": """", ""signals"": [], ""confidence"": 0.0}, ""KINSHIP"": {""involvement"": ""none"", ""role"": null, ""evidence"": """", ""signals"": [], ""confidence"": 0.0}, ""POWER"": {""involvement"": ""direct"", ""role"": ""initiating"", ""evidence"": ""He \""demanded that Philip Pirrip swear\"" and threatened, \""Lord strike you dead if you don\u2019t!\"""", ""signals"": [""demanded"", ""swear"", ""Lord strike you dead"", ""if you don\u2019t""], ""confidence"": 0.93}}"
event/2ad4fe56,Philip Pirrip swore the demanded oath.,ACKNOWLEDGMENT,,0.94,67,1,Early next morning (promised time),Churchyard,,direct,initiating,0.82,"He 'swore the demanded oath,' indicating compliance under a demand. The oath was taken due to fear and compulsion.",none,,0.0,,none,,0.0,,none,,0.0,,none,,0.0,,"{""KNOWLEDGE"": {""involvement"": ""none"", ""role"": null, ""evidence"": """", ""signals"": [], ""confidence"": 0.0}, ""JUSTICE"": {""involvement"": ""none"", ""role"": null, ""evidence"": """", ""signals"": [], ""confidence"": 0.0}, ""WEALTH"": {""involvement"": ""none"", ""role"": null, ""evidence"": """", ""signals"": [], ""confidence"": 0.0}, ""KINSHIP"": {""involvement"": ""none"", ""role"": null, ""evidence"": """", ""signals"": [], ""confidence"": 0.0}, ""POWER"": {""involvement"": ""direct"", ""role"": ""initiating"", ""evidence"": ""He 'swore the demanded oath,' indicating compliance under a demand. The oath was taken due to fear and compulsion."", ""signals"": [""demanded"", ""oath"", ""swore"", ""compulsion""], ""confidence"": 0.82}}"
event/84a18d11,Abel Magwitch lifted Philip Pirrip down from the stone.,ACTION_TENSION,,0.88,68,1,Early next morning (promised time),Churchyard,,indirect,enabling,0.58,"“Abel Magwitch lifted Philip Pirrip down from the stone,” showing physical control over Pip’s position and movement.",none,,0.0,,none,,0.0,,none,,0.0,,none,,0.0,,"{""KNOWLEDGE"": {""involvement"": ""none"", ""role"": null, ""evidence"": """", ""signals"": [], ""confidence"": 0.0}, ""JUSTICE"": {""involvement"": ""none"", ""role"": null, ""evidence"": """", ""signals"": [], ""confidence"": 0.0}, ""WEALTH"": {""involvement"": ""none"", ""role"": null, ""evidence"": """", ""signals"": [], ""confidence"": 0.0}, ""KINSHIP"": {""involvement"": ""none"", ""role"": null, ""evidence"": """", ""signals"": [], ""confidence"": 0.0}, ""POWER"": {""involvement"": ""indirect"", ""role"": ""enabling"", ""evidence"": ""\u201cAbel Magwitch lifted Philip Pirrip down from the stone,\u201d showing physical control over Pip\u2019s position and movement."", ""signals"": [""lifted ... down"", ""physical control of movement"", ""Abel Magwitch over Philip Pirrip"", ""from the stone""], ""confidence"": 0.58}}"
event/3f5d4b3b,"Abel Magwitch ordered Philip Pirrip to remember his undertaking, remember the young man, and go home.",ACTION_TENSION,,0.92,69,1,Early next morning (promised time),Churchyard,,direct,escalating,0.9,"Abel Magwitch ordered Philip Pirrip to remember his undertaking, remember the young man, and go home. The reminder of the 'young man' reinforces the threat behind the command.",none,,0.0,,none,,0.0,,none,,0.0,,none,,0.0,,"{""KNOWLEDGE"": {""involvement"": ""none"", ""role"": null, ""evidence"": """", ""signals"": [], ""confidence"": 0.0}, ""JUSTICE"": {""involvement"": ""none"", ""role"": null, ""evidence"": """", ""signals"": [], ""confidence"": 0.0}, ""WEALTH"": {""involvement"": ""none"", ""role"": null, ""evidence"": """", ""signals"": [], ""confidence"": 0.0}, ""KINSHIP"": {""involvement"": ""none"", ""role"": null, ""evidence"": """", ""signals"": [], ""confidence"": 0.0}, ""POWER"": {""involvement"": ""direct"", ""role"": ""escalating"", ""evidence"": ""Abel Magwitch ordered Philip Pirrip to remember his undertaking, remember the young man, and go home. The reminder of the 'young man' reinforces the threat behind the command."", ""signals"": [""ordered"", ""remember the young man"", ""remember his undertaking"", ""go home""], ""confidence"": 0.9}}"
event/92e273df,Philip Pirrip faltered a good-night to Abel Magwitch.,ACKNOWLEDGMENT,,0.89,70,1,Early next morning (promised time),Churchyard,,none,,0.0,,none,,0.0,,none,,0.0,,none,,0.0,,none,,0.0,,"{""KNOWLEDGE"": {""involvement"": ""none"", ""role"": null, ""evidence"": """", ""signals"": [], ""confidence"": 0.0}, ""JUSTICE"": {""involvement"": ""none"", ""role"": null, ""evidence"": """", ""signals"": [], ""confidence"": 0.0}, ""WEALTH"": {""involvement"": ""none"", ""role"": null, ""evidence"": """", ""signals"": [], ""confidence"": 0.0}, ""KINSHIP"": {""involvement"": ""none"", ""role"": null, ""evidence"": """", ""signals"": [], ""confidence"": 0.0}, ""POWER"": {""involvement"": ""none"", ""role"": null, ""evidence"": """", ""signals"": [], ""confidence"": 0.0}}"
event/a17486f0,Abel Magwitch curtly dismissed Philip Pirrip’s good-night.,ACTION_TENSION,,0.86,71,1,Early next morning (promised time),Churchyard,,none,,0.0,,none,,0.0,,none,,0.0,,none,,0.0,,none,,0.0,,"{""KNOWLEDGE"": {""involvement"": ""none"", ""role"": null, ""evidence"": """", ""signals"": [], ""confidence"": 0.0}, ""JUSTICE"": {""involvement"": ""none"", ""role"": null, ""evidence"": """", ""signals"": [], ""confidence"": 0.0}, ""WEALTH"": {""involvement"": ""none"", ""role"": null, ""evidence"": """", ""signals"": [], ""confidence"": 0.0}, ""KINSHIP"": {""involvement"": ""none"", ""role"": null, ""evidence"": """", ""signals"": [], ""confidence"": 0.0}, ""POWER"": {""involvement"": ""none"", ""role"": null, ""evidence"": """", ""signals"": [], ""confidence"": 0.0}}"
event/5006ab7a,"Abel Magwitch glanced about over the cold, wet flat.",ANTICIPATION,,0.83,72,1,Early next morning (promised time),Marshes near the churchyard,,none,,0.0,,none,,0.0,,none,,0.0,,none,,0.0,,none,,0.0,,"{""KNOWLEDGE"": {""involvement"": ""none"", ""role"": null, ""evidence"": """", ""signals"": [], ""confidence"": 0.0}, ""JUSTICE"": {""involvement"": ""none"", ""role"": null, ""evidence"": """", ""signals"": [], ""confidence"": 0.0}, ""WEALTH"": {""involvement"": ""none"", ""role"": null, ""evidence"": """", ""signals"": [], ""confidence"": 0.0}, ""KINSHIP"": {""involvement"": ""none"", ""role"": null, ""evidence"": """", ""signals"": [], ""confidence"": 0.0}, ""POWER"": {""involvement"": ""none"", ""role"": null, ""evidence"": """", ""signals"": [], ""confidence"": 0.0}}"
event/95b11012,Abel Magwitch said he wished he were a frog or an eel.,ASPIRATION_REVEALED,,0.9,73,1,Early next morning (promised time),Marshes near the churchyard,,none,,0.0,,none,,0.0,,none,,0.0,,none,,0.0,,none,,0.0,,"{""KNOWLEDGE"": {""involvement"": ""none"", ""role"": null, ""evidence"": """", ""signals"": [], ""confidence"": 0.0}, ""JUSTICE"": {""involvement"": ""none"", ""role"": null, ""evidence"": """", ""signals"": [], ""confidence"": 0.0}, ""WEALTH"": {""involvement"": ""none"", ""role"": null, ""evidence"": """", ""signals"": [], ""confidence"": 0.0}, ""KINSHIP"": {""involvement"": ""none"", ""role"": null, ""evidence"": """", ""signals"": [], ""confidence"": 0.0}, ""POWER"": {""involvement"": ""none"", ""role"": null, ""evidence"": """", ""signals"": [], ""confidence"": 0.0}}"
event/4f57a0ac,Abel Magwitch hugged his shuddering body with both arms and limped toward the low church wall.,CHARACTER_EMOTION_SPIKE,,0.91,74,1,Early next morning (promised time),Churchyard near the low church wall,,none,,0.0,,none,,0.0,,none,,0.0,,none,,0.0,,none,,0.0,,"{""KNOWLEDGE"": {""involvement"": ""none"", ""role"": null, ""evidence"": """", ""signals"": [], ""confidence"": 0.0}, ""JUSTICE"": {""involvement"": ""none"", ""role"": null, ""evidence"": """", ""signals"": [], ""confidence"": 0.0}, ""WEALTH"": {""involvement"": ""none"", ""role"": null, ""evidence"": """", ""signals"": [], ""confidence"": 0.0}, ""KINSHIP"": {""involvement"": ""none"", ""role"": null, ""evidence"": """", ""signals"": [], ""confidence"": 0.0}, ""POWER"": {""involvement"": ""none"", ""role"": null, ""evidence"": """", ""signals"": [], ""confidence"": 0.0}}"
event/b340f762,Philip Pirrip watched Abel Magwitch picking his way among nettles and brambles and imagined dead people’s hands reaching to pull Abel Magwitch in.,CONTEMPLATION,,0.9,75,1,Early next morning (promised time),Churchyard among the green mounds,,none,,0.0,,none,,0.0,,none,,0.0,,none,,0.0,,none,,0.0,,"{""KNOWLEDGE"": {""involvement"": ""none"", ""role"": null, ""evidence"": """", ""signals"": [], ""confidence"": 0.0}, ""JUSTICE"": {""involvement"": ""none"", ""role"": null, ""evidence"": """", ""signals"": [], ""confidence"": 0.0}, ""WEALTH"": {""involvement"": ""none"", ""role"": null, ""evidence"": """", ""signals"": [], ""confidence"": 0.0}, ""KINSHIP"": {""involvement"": ""none"", ""role"": null, ""evidence"": """", ""signals"": [], ""confidence"": 0.0}, ""POWER"": {""involvement"": ""none"", ""role"": null, ""evidence"": """", ""signals"": [], ""confidence"": 0.0}}"
event/4dc48bd8,"Abel Magwitch climbed over the low church wall despite numb, stiff legs.",ARRIVAL,,0.92,76,1,Early next morning (promised time),Low church wall (exiting the churchyard),,none,,0.0,,none,,0.0,,none,,0.0,,latent,enabling,0.38,“Abel Magwitch climbed over the low church wall…”,indirect,enabling,0.58,“Abel Magwitch climbed over the low church wall…” which leads to “Pip … saw Abel Magwitch continuing toward the river.”,"{""KNOWLEDGE"": {""involvement"": ""indirect"", ""role"": ""enabling"", ""evidence"": ""\u201cAbel Magwitch climbed over the low church wall\u2026\u201d which leads to \u201cPip \u2026 saw Abel Magwitch continuing toward the river.\u201d"", ""signals"": [""departure over the wall"", ""Pip looked over his shoulder"", ""saw him continuing toward the river""], ""confidence"": 0.58}, ""JUSTICE"": {""involvement"": ""latent"", ""role"": ""enabling"", ""evidence"": ""\u201cAbel Magwitch climbed over the low church wall\u2026\u201d"", ""signals"": [""Magwitch"", ""climbed over the low church wall"", ""flight/evasion movement""], ""confidence"": 0.38}, ""WEALTH"": {""involvement"": ""none"", ""role"": null, ""evidence"": """", ""signals"": [], ""confidence"": 0.0}, ""KINSHIP"": {""involvement"": ""none"", ""role"": null, ""evidence"": """", ""signals"": [], ""confidence"": 0.0}, ""POWER"": {""involvement"": ""none"", ""role"": null, ""evidence"": """", ""signals"": [], ""confidence"": 0.0}}"
event/50dadcb3,Abel Magwitch turned around to look for Philip Pirrip.,ANTICIPATION,,0.88,77,1,Early next morning (promised time),Beyond the low church wall,,indirect,constraining,0.62,"After ordering Pip away, he turns to check compliance: he 'turned around to look for Philip Pirrip.'",none,,0.0,,none,,0.0,,none,,0.0,,indirect,enabling,0.56,"He 'turned around to look for Philip Pirrip,' an attempt to verify whether Pip obeyed.","{""KNOWLEDGE"": {""involvement"": ""indirect"", ""role"": ""enabling"", ""evidence"": ""He 'turned around to look for Philip Pirrip,' an attempt to verify whether Pip obeyed."", ""signals"": [""look for"", ""verify compliance"", ""turned around""], ""confidence"": 0.56}, ""JUSTICE"": {""involvement"": ""none"", ""role"": null, ""evidence"": """", ""signals"": [], ""confidence"": 0.0}, ""WEALTH"": {""involvement"": ""none"", ""role"": null, ""evidence"": """", ""signals"": [], ""confidence"": 0.0}, ""KINSHIP"": {""involvement"": ""none"", ""role"": null, ""evidence"": """", ""signals"": [], ""confidence"": 0.0}, ""POWER"": {""involvement"": ""indirect"", ""role"": ""constraining"", ""evidence"": ""After ordering Pip away, he turns to check compliance: he 'turned around to look for Philip Pirrip.'"", ""signals"": [""ordered Pip away"", ""check compliance"", ""turned around"", ""look for Philip""], ""confidence"": 0.62}}"
event/b3fdfdce,Philip Pirrip set his face toward home and ran as fast as he could.,ACTION_TENSION,,0.93,78,1,Early next morning (promised time),From the churchyard toward home,,indirect,enabling,0.62,"He 'set his face toward home and ran as fast as he could,' acting out of 'Obedience to command.'",indirect,enabling,0.53,"By 'set his face toward home and ran as fast as he could,' he moves to comply with a command that will involve obtaining goods.",none,,0.0,,indirect,enabling,0.52,"He 'set his face toward home and ran as fast as he could,' a step toward carrying out a coerced act that will violate norms/law.",none,,0.0,,"{""KNOWLEDGE"": {""involvement"": ""none"", ""role"": null, ""evidence"": """", ""signals"": [], ""confidence"": 0.0}, ""JUSTICE"": {""involvement"": ""indirect"", ""role"": ""enabling"", ""evidence"": ""He 'set his face toward home and ran as fast as he could,' a step toward carrying out a coerced act that will violate norms/law."", ""signals"": [""set his face toward home"", ""ran as fast as he could"", ""Obedience to command""], ""confidence"": 0.52}, ""WEALTH"": {""involvement"": ""indirect"", ""role"": ""enabling"", ""evidence"": ""By 'set his face toward home and ran as fast as he could,' he moves to comply with a command that will involve obtaining goods."", ""signals"": [""set his face toward home"", ""ran as fast as he could"", ""Obedience to command""], ""confidence"": 0.53}, ""KINSHIP"": {""involvement"": ""none"", ""role"": null, ""evidence"": """", ""signals"": [], ""confidence"": 0.0}, ""POWER"": {""involvement"": ""indirect"", ""role"": ""enabling"", ""evidence"": ""He 'set his face toward home and ran as fast as he could,' acting out of 'Obedience to command.'"", ""signals"": [""ran as fast as he could"", ""set his face toward home"", ""Obedience to command"", ""Fear""], ""confidence"": 0.62}}"
event/e1de3e0e,"Philip Pirrip looked over his shoulder and saw Abel Magwitch continuing toward the river, hugging himself and stepping among stones laid in the marshes.",CONTEMPLATION,,0.9,79,1,Early next morning (promised time),Marshes and river,,none,,0.0,,none,,0.0,,none,,0.0,,none,,0.0,,direct,revealing,0.86,"""Philip Pirrip looked over his shoulder and saw Abel Magwitch continuing toward the river...""","{""KNOWLEDGE"": {""involvement"": ""direct"", ""role"": ""revealing"", ""evidence"": ""\""Philip Pirrip looked over his shoulder and saw Abel Magwitch continuing toward the river...\"""", ""signals"": [""looked over his shoulder"", ""saw"", ""continuing toward the river""], ""confidence"": 0.86}, ""JUSTICE"": {""involvement"": ""none"", ""role"": null, ""evidence"": """", ""signals"": [], ""confidence"": 0.0}, ""WEALTH"": {""involvement"": ""none"", ""role"": null, ""evidence"": """", ""signals"": [], ""confidence"": 0.0}, ""KINSHIP"": {""involvement"": ""none"", ""role"": null, ""evidence"": """", ""signals"": [], ""confidence"": 0.0}, ""POWER"": {""involvement"": ""none"", ""role"": null, ""evidence"": """", ""signals"": [], ""confidence"": 0.0}}"
event/2d6c99ac,Philip Pirrip stopped to look after Abel Magwitch.,ACTION_TENSION,,0.84,80,1,Early next morning (promised time),Marshes near the river,,none,,0.0,,none,,0.0,,none,,0.0,,none,,0.0,,none,,0.0,,"{""KNOWLEDGE"": {""involvement"": ""none"", ""role"": null, ""evidence"": """", ""signals"": [], ""confidence"": 0.0}, ""JUSTICE"": {""involvement"": ""none"", ""role"": null, ""evidence"": """", ""signals"": [], ""confidence"": 0.0}, ""WEALTH"": {""involvement"": ""none"", ""role"": null, ""evidence"": """", ""signals"": [], ""confidence"": 0.0}, ""KINSHIP"": {""involvement"": ""none"", ""role"": null, ""evidence"": """", ""signals"": [], ""confidence"": 0.0}, ""POWER"": {""involvement"": ""none"", ""role"": null, ""evidence"": """", ""signals"": [], ""confidence"": 0.0}}"
event/3b1c047b,Abel Magwitch limped toward the gibbet by the river.,ACTION_TENSION,,0.88,81,1,Early next morning (promised time),River edge near the gibbet on the marshes,,none,,0.0,,none,,0.0,,none,,0.0,,none,,0.0,,none,,0.0,,"{""KNOWLEDGE"": {""involvement"": ""none"", ""role"": null, ""evidence"": """", ""signals"": [], ""confidence"": 0.0}, ""JUSTICE"": {""involvement"": ""none"", ""role"": null, ""evidence"": """", ""signals"": [], ""confidence"": 0.0}, ""WEALTH"": {""involvement"": ""none"", ""role"": null, ""evidence"": """", ""signals"": [], ""confidence"": 0.0}, ""KINSHIP"": {""involvement"": ""none"", ""role"": null, ""evidence"": """", ""signals"": [], ""confidence"": 0.0}, ""POWER"": {""involvement"": ""none"", ""role"": null, ""evidence"": """", ""signals"": [], ""confidence"": 0.0}}"
event/7e16c662,"Philip Pirrip imagined Abel Magwitch as the pirate come back to life, returning to hook himself up on the gibbet.",CONTEMPLATION,,0.78,82,1,Early next morning (promised time),Marshes near the river,,none,,0.0,,none,,0.0,,none,,0.0,,none,,0.0,,none,,0.0,,"{""KNOWLEDGE"": {""involvement"": ""none"", ""role"": null, ""evidence"": """", ""signals"": [], ""confidence"": 0.0}, ""JUSTICE"": {""involvement"": ""none"", ""role"": null, ""evidence"": """", ""signals"": [], ""confidence"": 0.0}, ""WEALTH"": {""involvement"": ""none"", ""role"": null, ""evidence"": """", ""signals"": [], ""confidence"": 0.0}, ""KINSHIP"": {""involvement"": ""none"", ""role"": null, ""evidence"": """", ""signals"": [], ""confidence"": 0.0}, ""POWER"": {""involvement"": ""none"", ""role"": null, ""evidence"": """", ""signals"": [], ""confidence"": 0.0}}"
event/86dc6e88,Philip Pirrip suffered a terrible fright at this thought.,CHARACTER_EMOTION_SPIKE,,0.86,83,1,Early next morning (promised time),Marshes near the river,,none,,0.0,,none,,0.0,,none,,0.0,,none,,0.0,,none,,0.0,,"{""KNOWLEDGE"": {""involvement"": ""none"", ""role"": null, ""evidence"": """", ""signals"": [], ""confidence"": 0.0}, ""JUSTICE"": {""involvement"": ""none"", ""role"": null, ""evidence"": """", ""signals"": [], ""confidence"": 0.0}, ""WEALTH"": {""involvement"": ""none"", ""role"": null, ""evidence"": """", ""signals"": [], ""confidence"": 0.0}, ""KINSHIP"": {""involvement"": ""none"", ""role"": null, ""evidence"": """", ""signals"": [], ""confidence"": 0.0}, ""POWER"": {""involvement"": ""none"", ""role"": null, ""evidence"": """", ""signals"": [], ""confidence"": 0.0}}"
event/b2a9c0ce,Philip Pirrip wondered whether the cattle thought the same about Abel Magwitch.,CONTEMPLATION,,0.7,84,1,Early next morning (promised time),Marshes near the river,,none,,0.0,,none,,0.0,,none,,0.0,,none,,0.0,,none,,0.0,,"{""KNOWLEDGE"": {""involvement"": ""none"", ""role"": null, ""evidence"": """", ""signals"": [], ""confidence"": 0.0}, ""JUSTICE"": {""involvement"": ""none"", ""role"": null, ""evidence"": """", ""signals"": [], ""confidence"": 0.0}, ""WEALTH"": {""involvement"": ""none"", ""role"": null, ""evidence"": """", ""signals"": [], ""confidence"": 0.0}, ""KINSHIP"": {""involvement"": ""none"", ""role"": null, ""evidence"": """", ""signals"": [], ""confidence"": 0.0}, ""POWER"": {""involvement"": ""none"", ""role"": null, ""evidence"": """", ""signals"": [], ""confidence"": 0.0}}"
event/57051082,Philip Pirrip looked all around for the imagined young accomplice.,ACTION_TENSION,,0.82,85,1,Early next morning (promised time),Marshes,,none,,0.0,,none,,0.0,,none,,0.0,,none,,0.0,,none,,0.0,,"{""KNOWLEDGE"": {""involvement"": ""none"", ""role"": null, ""evidence"": """", ""signals"": [], ""confidence"": 0.0}, ""JUSTICE"": {""involvement"": ""none"", ""role"": null, ""evidence"": """", ""signals"": [], ""confidence"": 0.0}, ""WEALTH"": {""involvement"": ""none"", ""role"": null, ""evidence"": """", ""signals"": [], ""confidence"": 0.0}, ""KINSHIP"": {""involvement"": ""none"", ""role"": null, ""evidence"": """", ""signals"": [], ""confidence"": 0.0}, ""POWER"": {""involvement"": ""none"", ""role"": null, ""evidence"": """", ""signals"": [], ""confidence"": 0.0}}"
event/fccc78d8,Philip Pirrip realized there were no signs of the imagined young accomplice.,ACKNOWLEDGMENT,,0.83,86,1,Early next morning (promised time),Marshes,,indirect,constraining,0.62,"He realized there were no signs of the supposed young accomplice, undermining the threat that had coerced him.",none,,0.0,,none,,0.0,,none,,0.0,,direct,revealing,0.88,Philip Pirrip realized there were no signs of the imagined young accomplice.,"{""KNOWLEDGE"": {""involvement"": ""direct"", ""role"": ""revealing"", ""evidence"": ""Philip Pirrip realized there were no signs of the imagined young accomplice."", ""signals"": [""realized"", ""no signs"", ""imagined young accomplice"", ""absence recognized""], ""confidence"": 0.88}, ""JUSTICE"": {""involvement"": ""none"", ""role"": null, ""evidence"": """", ""signals"": [], ""confidence"": 0.0}, ""WEALTH"": {""involvement"": ""none"", ""role"": null, ""evidence"": """", ""signals"": [], ""confidence"": 0.0}, ""KINSHIP"": {""involvement"": ""none"", ""role"": null, ""evidence"": """", ""signals"": [], ""confidence"": 0.0}, ""POWER"": {""involvement"": ""indirect"", ""role"": ""constraining"", ""evidence"": ""He realized there were no signs of the supposed young accomplice, undermining the threat that had coerced him."", ""signals"": [""no signs"", ""imagined young accomplice"", ""realized"", ""false threat""], ""confidence"": 0.62}}"
event/877d2488,Philip Pirrip became frightened again.,CHARACTER_EMOTION_SPIKE,,0.8,87,1,Early next morning (promised time),Marshes,,none,,0.0,,none,,0.0,,none,,0.0,,none,,0.0,,none,,0.0,,"{""KNOWLEDGE"": {""involvement"": ""none"", ""role"": null, ""evidence"": """", ""signals"": [], ""confidence"": 0.0}, ""JUSTICE"": {""involvement"": ""none"", ""role"": null, ""evidence"": """", ""signals"": [], ""confidence"": 0.0}, ""WEALTH"": {""involvement"": ""none"", ""role"": null, ""evidence"": """", ""signals"": [], ""confidence"": 0.0}, ""KINSHIP"": {""involvement"": ""none"", ""role"": null, ""evidence"": """", ""signals"": [], ""confidence"": 0.0}, ""POWER"": {""involvement"": ""none"", ""role"": null, ""evidence"": """", ""signals"": [], ""confidence"": 0.0}}"
event/d132ec92,Philip Pirrip ran home without stopping.,ACTION_TENSION,,0.92,88,1,Early next morning (promised time),From the marshes toward home,,none,,0.0,,none,,0.0,,none,,0.0,,none,,0.0,,none,,0.0,,"{""KNOWLEDGE"": {""involvement"": ""none"", ""role"": null, ""evidence"": """", ""signals"": [], ""confidence"": 0.0}, ""JUSTICE"": {""involvement"": ""none"", ""role"": null, ""evidence"": """", ""signals"": [], ""confidence"": 0.0}, ""WEALTH"": {""involvement"": ""none"", ""role"": null, ""evidence"": """", ""signals"": [], ""confidence"": 0.0}, ""KINSHIP"": {""involvement"": ""none"", ""role"": null, ""evidence"": """", ""signals"": [], ""confidence"": 0.0}, ""POWER"": {""involvement"": ""none"", ""role"": null, ""evidence"": """", ""signals"": [], ""confidence"": 0.0}}"
